cell_id,lon,lat,partition,aoi_id,west,east,south,north
569:2322,13.541666666679,42.541666666675,train,abruzzo_gran_sasso,13.500000000012,13.583333333346,42.500000000009,42.583333333342
569:2323,13.625000000012,42.541666666675,train,abruzzo_gran_sasso,13.583333333346,13.666666666679,42.500000000009,42.583333333342
569:2324,13.708333333346,42.541666666675,train,abruzzo_gran_sasso,13.666666666679,13.750000000012,42.500000000009,42.583333333342
570:2322,13.541666666679,42.458333333342,train,abruzzo_gran_sasso,13.500000000012,13.583333333346,42.416666666675,42.500000000009
570:2323,13.625000000012,42.458333333342,train,abruzzo_gran_sasso,13.583333333346,13.666666666679,42.416666666675,42.500000000009
570:2324,13.708333333346,42.458333333342,train,abruzzo_gran_sasso,13.666666666679,13.750000000012,42.416666666675,42.500000000009
550:2284,10.375000000012,44.125000000009,test,appennino_tosco_emiliano,10.333333333346,10.416666666679,44.083333333342,44.166666666675
550:2285,10.458333333346,44.125000000009,test,appennino_tosco_emiliano,10.416666666679,10.500000000012,44.083333333342,44.166666666675
550:2286,10.541666666679,44.125000000009,test,appennino_tosco_emiliano,10.500000000012,10.583333333346,44.083333333342,44.166666666675
551:2284,10.375000000012,44.041666666675,test,appennino_tosco_emiliano,10.333333333346,10.416666666679,44.000000000009,44.083333333342
551:2285,10.458333333346,44.041666666675,test,appennino_tosco_emiliano,10.416666666679,10.500000000012,44.000000000009,44.083333333342
551:2286,10.541666666679,44.041666666675,test,appennino_tosco_emiliano,10.500000000012,10.583333333346,44.000000000009,44.083333333342
593:2352,16.041666666679,40.541666666675,train,basilicata_interna,16.000000000013,16.083333333346,40.500000000008,40.583333333342
593:2353,16.125000000013,40.541666666675,train,basilicata_interna,16.083333333346,16.166666666679,40.500000000008,40.583333333342
593:2354,16.208333333346,40.541666666675,train,basilicata_interna,16.166666666679,16.250000000013,40.500000000008,40.583333333342
526:2304,12.041666666679,46.125000000009,train,belluno_dolomiti,12.000000000012,12.083333333346,46.083333333342,46.166666666675
526:2305,12.125000000012,46.125000000009,train,belluno_dolomiti,12.083333333346,12.166666666679,46.083333333342,46.166666666675
526:2306,12.208333333346,46.125000000009,train,belluno_dolomiti,12.166666666679,12.250000000012,46.083333333342,46.166666666675
527:2304,12.041666666679,46.041666666675,train,belluno_dolomiti,12.000000000012,12.083333333346,46.000000000009,46.083333333342
527:2305,12.125000000012,46.041666666675,train,belluno_dolomiti,12.083333333346,12.166666666679,46.000000000009,46.083333333342
527:2306,12.208333333346,46.041666666675,train,belluno_dolomiti,12.166666666679,12.250000000012,46.000000000009,46.083333333342
607:2359,16.625000000013,39.375000000008,train,calabria_sila,16.583333333346,16.666666666679,39.333333333342,39.416666666675
607:2360,16.708333333346,39.375000000008,train,calabria_sila,16.666666666679,16.750000000013,39.333333333342,39.416666666675
608:2358,16.541666666679,39.291666666675,train,calabria_sila,16.500000000013,16.583333333346,39.250000000008,39.333333333342
608:2359,16.625000000013,39.291666666675,train,calabria_sila,16.583333333346,16.666666666679,39.250000000008,39.333333333342
608:2360,16.708333333346,39.291666666675,train,calabria_sila,16.666666666679,16.750000000013,39.250000000008,39.333333333342
558:2295,11.291666666679,43.458333333342,validation,chianti_siena,11.250000000012,11.333333333346,43.416666666675,43.500000000009
558:2296,11.375000000012,43.458333333342,validation,chianti_siena,11.333333333346,11.416666666679,43.416666666675,43.500000000009
558:2297,11.458333333346,43.458333333342,validation,chianti_siena,11.416666666679,11.500000000012,43.416666666675,43.500000000009
545:2295,11.291666666679,44.541666666675,test,emilia_romagna_bologna,11.250000000012,11.333333333346,44.500000000009,44.583333333342
545:2296,11.375000000012,44.541666666675,test,emilia_romagna_bologna,11.333333333346,11.416666666679,44.500000000009,44.583333333342
545:2297,11.458333333346,44.541666666675,test,emilia_romagna_bologna,11.416666666679,11.500000000012,44.500000000009,44.583333333342
546:2295,11.291666666679,44.458333333342,test,emilia_romagna_bologna,11.250000000012,11.333333333346,44.416666666675,44.500000000009
546:2296,11.375000000012,44.458333333342,test,emilia_romagna_bologna,11.333333333346,11.416666666679,44.416666666675,44.500000000009
546:2297,11.458333333346,44.458333333342,test,emilia_romagna_bologna,11.416666666679,11.500000000012,44.416666666675,44.500000000009
525:2318,13.208333333346,46.208333333342,train,friuli_prealpi,13.166666666679,13.250000000012,46.166666666675,46.250000000009
525:2319,13.291666666679,46.208333333342,train,friuli_prealpi,13.250000000012,13.333333333346,46.166666666675,46.250000000009
526:2318,13.208333333346,46.125000000009,train,friuli_prealpi,13.166666666679,13.250000000012,46.083333333342,46.166666666675
526:2319,13.291666666679,46.125000000009,train,friuli_prealpi,13.250000000012,13.333333333346,46.083333333342,46.166666666675
548:2273,9.458333333346,44.291666666675,train,liguria_levante,9.416666666679,9.500000000012,44.250000000009,44.333333333342
548:2274,9.541666666679,44.291666666675,train,liguria_levante,9.500000000012,9.583333333346,44.250000000009,44.333333333342
582:2346,15.541666666679,41.458333333342,train,puglia_tavoliere,15.500000000013,15.583333333346,41.416666666675,41.500000000008
582:2347,15.625000000013,41.458333333342,train,puglia_tavoliere,15.583333333346,15.666666666679,41.416666666675,41.500000000008
582:2348,15.708333333346,41.458333333342,train,puglia_tavoliere,15.666666666679,15.750000000013,41.416666666675,41.500000000008
576:2309,12.458333333346,41.958333333342,train,roma_periurbano,12.416666666679,12.500000000012,41.916666666675,42.000000000008
576:2310,12.541666666679,41.958333333342,train,roma_periurbano,12.500000000012,12.583333333346,41.916666666675,42.000000000008
577:2309,12.458333333346,41.875000000008,train,roma_periurbano,12.416666666679,12.500000000012,41.833333333342,41.916666666675
577:2310,12.541666666679,41.875000000008,train,roma_periurbano,12.500000000012,12.583333333346,41.833333333342,41.916666666675
591:2259,8.291666666679,40.708333333342,train,sardegna_costiera,8.250000000012,8.333333333345,40.666666666675,40.750000000008
591:2260,8.375000000012,40.708333333342,train,sardegna_costiera,8.333333333345,8.416666666679,40.666666666675,40.750000000008
591:2261,8.458333333345,40.708333333342,train,sardegna_costiera,8.416666666679,8.500000000012,40.666666666675,40.750000000008
592:2260,8.375000000012,40.625000000008,train,sardegna_costiera,8.333333333345,8.416666666679,40.583333333342,40.666666666675
592:2261,8.458333333345,40.625000000008,train,sardegna_costiera,8.416666666679,8.500000000012,40.583333333342,40.666666666675
599:2268,9.041666666679,40.041666666675,train,sardegna_interna,9.000000000012,9.083333333345,40.000000000008,40.083333333342
599:2269,9.125000000012,40.041666666675,train,sardegna_interna,9.083333333345,9.166666666679,40.000000000008,40.083333333342
599:2270,9.208333333345,40.041666666675,train,sardegna_interna,9.166666666679,9.250000000012,40.000000000008,40.083333333342
626:2339,14.958333333346,37.791666666675,train,sicilia_etna,14.916666666679,15.000000000013,37.750000000008,37.833333333342
626:2340,15.041666666679,37.791666666675,train,sicilia_etna,15.000000000013,15.083333333346,37.750000000008,37.833333333342
627:2339,14.958333333346,37.708333333342,train,sicilia_etna,14.916666666679,15.000000000013,37.666666666675,37.750000000008
627:2340,15.041666666679,37.708333333342,train,sicilia_etna,15.000000000013,15.083333333346,37.666666666675,37.750000000008
627:2324,13.708333333346,37.708333333342,train,sicilia_interna,13.666666666679,13.750000000012,37.666666666675,37.750000000008
627:2325,13.791666666679,37.708333333342,train,sicilia_interna,13.750000000012,13.833333333346,37.666666666675,37.750000000008
524:2294,11.208333333346,46.291666666675,train,trentino_alpi,11.166666666679,11.250000000012,46.250000000009,46.333333333342
524:2295,11.291666666679,46.291666666675,train,trentino_alpi,11.250000000012,11.333333333346,46.250000000009,46.333333333342
536:2259,8.291666666679,45.291666666675,validation,vercelli_novara,8.250000000012,8.333333333345,45.250000000009,45.333333333342
536:2260,8.375000000012,45.291666666675,validation,vercelli_novara,8.333333333345,8.416666666679,45.250000000009,45.333333333342
536:2261,8.458333333345,45.291666666675,validation,vercelli_novara,8.416666666679,8.500000000012,45.250000000009,45.333333333342
548:2280,10.041666666679,44.291666666675,train,espansione_italia_centro_settentrionale,10.000000000012,10.083333333346,44.250000000009,44.333333333342
547:2280,10.041666666679,44.375000000009,train,espansione_italia_centro_settentrionale,10.000000000012,10.083333333346,44.333333333342,44.416666666675
549:2280,10.041666666679,44.208333333342,train,espansione_italia_centro_settentrionale,10.000000000012,10.083333333346,44.166666666675,44.250000000009
546:2280,10.041666666679,44.458333333342,train,espansione_italia_centro_settentrionale,10.000000000012,10.083333333346,44.416666666675,44.500000000009
550:2280,10.041666666679,44.125000000009,train,espansione_italia_centro_settentrionale,10.000000000012,10.083333333346,44.083333333342,44.166666666675
548:2281,10.125000000012,44.291666666675,train,espansione_italia_centro_settentrionale,10.083333333346,10.166666666679,44.250000000009,44.333333333342
547:2281,10.125000000012,44.375000000009,train,espansione_italia_centro_settentrionale,10.083333333346,10.166666666679,44.333333333342,44.416666666675
549:2281,10.125000000012,44.208333333342,train,espansione_italia_centro_settentrionale,10.083333333346,10.166666666679,44.166666666675,44.250000000009
545:2280,10.041666666679,44.541666666675,train,espansione_italia_centro_settentrionale,10.000000000012,10.083333333346,44.500000000009,44.583333333342
546:2281,10.125000000012,44.458333333342,train,espansione_italia_centro_settentrionale,10.083333333346,10.166666666679,44.416666666675,44.500000000009
550:2281,10.125000000012,44.125000000009,train,espansione_italia_centro_settentrionale,10.083333333346,10.166666666679,44.083333333342,44.166666666675
548:2282,10.208333333346,44.291666666675,train,espansione_italia_centro_settentrionale,10.166666666679,10.250000000012,44.250000000009,44.333333333342
547:2282,10.208333333346,44.375000000009,train,espansione_italia_centro_settentrionale,10.166666666679,10.250000000012,44.333333333342,44.416666666675
549:2282,10.208333333346,44.208333333342,train,espansione_italia_centro_settentrionale,10.166666666679,10.250000000012,44.166666666675,44.250000000009
545:2281,10.125000000012,44.541666666675,train,espansione_italia_centro_settentrionale,10.083333333346,10.166666666679,44.500000000009,44.583333333342
551:2281,10.125000000012,44.041666666675,train,espansione_italia_centro_settentrionale,10.083333333346,10.166666666679,44.000000000009,44.083333333342
544:2280,10.041666666679,44.625000000009,train,espansione_italia_centro_settentrionale,10.000000000012,10.083333333346,44.583333333342,44.666666666675
546:2282,10.208333333346,44.458333333342,train,espansione_italia_centro_settentrionale,10.166666666679,10.250000000012,44.416666666675,44.500000000009
544:2281,10.125000000012,44.625000000009,train,espansione_italia_centro_settentrionale,10.083333333346,10.166666666679,44.583333333342,44.666666666675
548:2283,10.291666666679,44.291666666675,train,espansione_italia_centro_settentrionale,10.250000000012,10.333333333346,44.250000000009,44.333333333342
545:2282,10.208333333346,44.541666666675,train,espansione_italia_centro_settentrionale,10.166666666679,10.250000000012,44.500000000009,44.583333333342
547:2283,10.291666666679,44.375000000009,train,espansione_italia_centro_settentrionale,10.250000000012,10.333333333346,44.333333333342,44.416666666675
543:2280,10.041666666679,44.708333333342,train,espansione_italia_centro_settentrionale,10.000000000012,10.083333333346,44.666666666675,44.750000000009
546:2283,10.291666666679,44.458333333342,train,espansione_italia_centro_settentrionale,10.250000000012,10.333333333346,44.416666666675,44.500000000009
544:2282,10.208333333346,44.625000000009,train,espansione_italia_centro_settentrionale,10.166666666679,10.250000000012,44.583333333342,44.666666666675
552:2282,10.208333333346,43.958333333342,train,espansione_italia_centro_settentrionale,10.166666666679,10.250000000012,43.916666666675,44.000000000009
534:2303,11.958333333346,45.458333333342,train,espansione_italia_centro_settentrionale,11.916666666679,12.000000000012,45.416666666675,45.500000000009
543:2281,10.125000000012,44.708333333342,train,espansione_italia_centro_settentrionale,10.083333333346,10.166666666679,44.666666666675,44.750000000009
545:2283,10.291666666679,44.541666666675,train,espansione_italia_centro_settentrionale,10.250000000012,10.333333333346,44.500000000009,44.583333333342
534:2302,11.875000000012,45.458333333342,train,espansione_italia_centro_settentrionale,11.833333333346,11.916666666679,45.416666666675,45.500000000009
548:2284,10.375000000012,44.291666666675,train,espansione_italia_centro_settentrionale,10.333333333346,10.416666666679,44.250000000009,44.333333333342
547:2284,10.375000000012,44.375000000009,train,espansione_italia_centro_settentrionale,10.333333333346,10.416666666679,44.333333333342,44.416666666675
534:2301,11.791666666679,45.458333333342,train,espansione_italia_centro_settentrionale,11.750000000012,11.833333333346,45.416666666675,45.500000000009
542:2280,10.041666666679,44.791666666675,train,espansione_italia_centro_settentrionale,10.000000000012,10.083333333346,44.750000000009,44.833333333342
546:2284,10.375000000012,44.458333333342,train,espansione_italia_centro_settentrionale,10.333333333346,10.416666666679,44.416666666675,44.500000000009
534:2300,11.708333333346,45.458333333342,train,espansione_italia_centro_settentrionale,11.666666666679,11.750000000012,45.416666666675,45.500000000009
544:2283,10.291666666679,44.625000000009,train,espansione_italia_centro_settentrionale,10.250000000012,10.333333333346,44.583333333342,44.666666666675
543:2282,10.208333333346,44.708333333342,train,espansione_italia_centro_settentrionale,10.166666666679,10.250000000012,44.666666666675,44.750000000009
545:2284,10.375000000012,44.541666666675,train,espansione_italia_centro_settentrionale,10.333333333346,10.416666666679,44.500000000009,44.583333333342
542:2281,10.125000000012,44.791666666675,train,espansione_italia_centro_settentrionale,10.083333333346,10.166666666679,44.750000000009,44.833333333342
534:2299,11.625000000012,45.458333333342,train,espansione_italia_centro_settentrionale,11.583333333346,11.666666666679,45.416666666675,45.500000000009
548:2285,10.458333333346,44.291666666675,train,espansione_italia_centro_settentrionale,10.416666666679,10.500000000012,44.250000000009,44.333333333342
547:2285,10.458333333346,44.375000000009,train,espansione_italia_centro_settentrionale,10.416666666679,10.500000000012,44.333333333342,44.416666666675
535:2303,11.958333333346,45.375000000009,train,espansione_italia_centro_settentrionale,11.916666666679,12.000000000012,45.333333333342,45.416666666675
535:2302,11.875000000012,45.375000000009,train,espansione_italia_centro_settentrionale,11.833333333346,11.916666666679,45.333333333342,45.416666666675
546:2285,10.458333333346,44.458333333342,train,espansione_italia_centro_settentrionale,10.416666666679,10.500000000012,44.416666666675,44.500000000009
543:2283,10.291666666679,44.708333333342,train,espansione_italia_centro_settentrionale,10.250000000012,10.333333333346,44.666666666675,44.750000000009
534:2298,11.541666666679,45.458333333342,train,espansione_italia_centro_settentrionale,11.500000000012,11.583333333346,45.416666666675,45.500000000009
553:2283,10.291666666679,43.875000000009,train,espansione_italia_centro_settentrionale,10.250000000012,10.333333333346,43.833333333342,43.916666666675
541:2280,10.041666666679,44.875000000009,train,espansione_italia_centro_settentrionale,10.000000000012,10.083333333346,44.833333333342,44.916666666675
544:2284,10.375000000012,44.625000000009,train,espansione_italia_centro_settentrionale,10.333333333346,10.416666666679,44.583333333342,44.666666666675
535:2301,11.791666666679,45.375000000009,train,espansione_italia_centro_settentrionale,11.750000000012,11.833333333346,45.333333333342,45.416666666675
542:2282,10.208333333346,44.791666666675,train,espansione_italia_centro_settentrionale,10.166666666679,10.250000000012,44.750000000009,44.833333333342
545:2285,10.458333333346,44.541666666675,train,espansione_italia_centro_settentrionale,10.416666666679,10.500000000012,44.500000000009,44.583333333342
535:2300,11.708333333346,45.375000000009,train,espansione_italia_centro_settentrionale,11.666666666679,11.750000000012,45.333333333342,45.416666666675
534:2297,11.458333333346,45.458333333342,train,espansione_italia_centro_settentrionale,11.416666666679,11.500000000012,45.416666666675,45.500000000009
541:2281,10.125000000012,44.875000000009,train,espansione_italia_centro_settentrionale,10.083333333346,10.166666666679,44.833333333342,44.916666666675
548:2286,10.541666666679,44.291666666675,train,espansione_italia_centro_settentrionale,10.500000000012,10.583333333346,44.250000000009,44.333333333342
547:2286,10.541666666679,44.375000000009,train,espansione_italia_centro_settentrionale,10.500000000012,10.583333333346,44.333333333342,44.416666666675
535:2299,11.625000000012,45.375000000009,train,espansione_italia_centro_settentrionale,11.583333333346,11.666666666679,45.333333333342,45.416666666675
543:2284,10.375000000012,44.708333333342,train,espansione_italia_centro_settentrionale,10.333333333346,10.416666666679,44.666666666675,44.750000000009
553:2284,10.375000000012,43.875000000009,train,espansione_italia_centro_settentrionale,10.333333333346,10.416666666679,43.833333333342,43.916666666675
542:2283,10.291666666679,44.791666666675,train,espansione_italia_centro_settentrionale,10.250000000012,10.333333333346,44.750000000009,44.833333333342
554:2283,10.291666666679,43.791666666675,train,espansione_italia_centro_settentrionale,10.250000000012,10.333333333346,43.750000000009,43.833333333342
544:2285,10.458333333346,44.625000000009,train,espansione_italia_centro_settentrionale,10.416666666679,10.500000000012,44.583333333342,44.666666666675
546:2286,10.541666666679,44.458333333342,train,espansione_italia_centro_settentrionale,10.500000000012,10.583333333346,44.416666666675,44.500000000009
534:2296,11.375000000012,45.458333333342,train,espansione_italia_centro_settentrionale,11.333333333346,11.416666666679,45.416666666675,45.500000000009
536:2303,11.958333333346,45.291666666675,train,espansione_italia_centro_settentrionale,11.916666666679,12.000000000012,45.250000000009,45.333333333342
541:2282,10.208333333346,44.875000000009,train,espansione_italia_centro_settentrionale,10.166666666679,10.250000000012,44.833333333342,44.916666666675
535:2298,11.541666666679,45.375000000009,train,espansione_italia_centro_settentrionale,11.500000000012,11.583333333346,45.333333333342,45.416666666675
540:2280,10.041666666679,44.958333333342,train,espansione_italia_centro_settentrionale,10.000000000012,10.083333333346,44.916666666675,45.000000000009
536:2302,11.875000000012,45.291666666675,train,espansione_italia_centro_settentrionale,11.833333333346,11.916666666679,45.250000000009,45.333333333342
545:2286,10.541666666679,44.541666666675,train,espansione_italia_centro_settentrionale,10.500000000012,10.583333333346,44.500000000009,44.583333333342
536:2301,11.791666666679,45.291666666675,train,espansione_italia_centro_settentrionale,11.750000000012,11.833333333346,45.250000000009,45.333333333342
543:2285,10.458333333346,44.708333333342,train,espansione_italia_centro_settentrionale,10.416666666679,10.500000000012,44.666666666675,44.750000000009
542:2284,10.375000000012,44.791666666675,train,espansione_italia_centro_settentrionale,10.333333333346,10.416666666679,44.750000000009,44.833333333342
548:2287,10.625000000012,44.291666666675,train,espansione_italia_centro_settentrionale,10.583333333346,10.666666666679,44.250000000009,44.333333333342
553:2285,10.458333333346,43.875000000009,train,espansione_italia_centro_settentrionale,10.416666666679,10.500000000012,43.833333333342,43.916666666675
535:2297,11.458333333346,45.375000000009,train,espansione_italia_centro_settentrionale,11.416666666679,11.500000000012,45.333333333342,45.416666666675
554:2284,10.375000000012,43.791666666675,train,espansione_italia_centro_settentrionale,10.333333333346,10.416666666679,43.750000000009,43.833333333342
547:2287,10.625000000012,44.375000000009,train,espansione_italia_centro_settentrionale,10.583333333346,10.666666666679,44.333333333342,44.416666666675
536:2300,11.708333333346,45.291666666675,train,espansione_italia_centro_settentrionale,11.666666666679,11.750000000012,45.250000000009,45.333333333342
534:2295,11.291666666679,45.458333333342,train,espansione_italia_centro_settentrionale,11.250000000012,11.333333333346,45.416666666675,45.500000000009
540:2281,10.125000000012,44.958333333342,train,espansione_italia_centro_settentrionale,10.083333333346,10.166666666679,44.916666666675,45.000000000009
544:2286,10.541666666679,44.625000000009,train,espansione_italia_centro_settentrionale,10.500000000012,10.583333333346,44.583333333342,44.666666666675
541:2283,10.291666666679,44.875000000009,train,espansione_italia_centro_settentrionale,10.250000000012,10.333333333346,44.833333333342,44.916666666675
555:2283,10.291666666679,43.708333333342,train,espansione_italia_centro_settentrionale,10.250000000012,10.333333333346,43.666666666675,43.750000000009
546:2287,10.625000000012,44.458333333342,train,espansione_italia_centro_settentrionale,10.583333333346,10.666666666679,44.416666666675,44.500000000009
536:2299,11.625000000012,45.291666666675,train,espansione_italia_centro_settentrionale,11.583333333346,11.666666666679,45.250000000009,45.333333333342
535:2296,11.375000000012,45.375000000009,train,espansione_italia_centro_settentrionale,11.333333333346,11.416666666679,45.333333333342,45.416666666675
545:2287,10.625000000012,44.541666666675,train,espansione_italia_centro_settentrionale,10.583333333346,10.666666666679,44.500000000009,44.583333333342
540:2282,10.208333333346,44.958333333342,train,espansione_italia_centro_settentrionale,10.166666666679,10.250000000012,44.916666666675,45.000000000009
542:2285,10.458333333346,44.791666666675,train,espansione_italia_centro_settentrionale,10.416666666679,10.500000000012,44.750000000009,44.833333333342
534:2294,11.208333333346,45.458333333342,train,espansione_italia_centro_settentrionale,11.166666666679,11.250000000012,45.416666666675,45.500000000009
536:2298,11.541666666679,45.291666666675,train,espansione_italia_centro_settentrionale,11.500000000012,11.583333333346,45.250000000009,45.333333333342
543:2286,10.541666666679,44.708333333342,train,espansione_italia_centro_settentrionale,10.500000000012,10.583333333346,44.666666666675,44.750000000009
554:2285,10.458333333346,43.791666666675,train,espansione_italia_centro_settentrionale,10.416666666679,10.500000000012,43.750000000009,43.833333333342
539:2280,10.041666666679,45.041666666675,train,espansione_italia_centro_settentrionale,10.000000000012,10.083333333346,45.000000000009,45.083333333342
553:2286,10.541666666679,43.875000000009,train,espansione_italia_centro_settentrionale,10.500000000012,10.583333333346,43.833333333342,43.916666666675
541:2284,10.375000000012,44.875000000009,train,espansione_italia_centro_settentrionale,10.333333333346,10.416666666679,44.833333333342,44.916666666675
537:2303,11.958333333346,45.208333333342,train,espansione_italia_centro_settentrionale,11.916666666679,12.000000000012,45.166666666675,45.250000000009
532:2314,12.875000000012,45.625000000009,test,bii_1000_test_est,12.833333333346,12.916666666679,45.583333333342,45.666666666675
532:2313,12.791666666679,45.625000000009,test,bii_1000_test_est,12.750000000012,12.833333333346,45.583333333342,45.666666666675
531:2315,12.958333333346,45.708333333342,test,bii_1000_test_est,12.916666666679,13.000000000012,45.666666666675,45.750000000009
531:2316,13.041666666679,45.708333333342,test,bii_1000_test_est,13.000000000012,13.083333333346,45.666666666675,45.750000000009
531:2314,12.875000000012,45.708333333342,test,bii_1000_test_est,12.833333333346,12.916666666679,45.666666666675,45.750000000009
532:2312,12.708333333346,45.625000000009,test,bii_1000_test_est,12.666666666679,12.750000000012,45.583333333342,45.666666666675
531:2313,12.791666666679,45.708333333342,test,bii_1000_test_est,12.750000000012,12.833333333346,45.666666666675,45.750000000009
533:2311,12.625000000012,45.541666666675,test,bii_1000_test_est,12.583333333346,12.666666666679,45.500000000009,45.583333333342
532:2311,12.625000000012,45.625000000009,test,bii_1000_test_est,12.583333333346,12.666666666679,45.583333333342,45.666666666675
531:2312,12.708333333346,45.708333333342,test,bii_1000_test_est,12.666666666679,12.750000000012,45.666666666675,45.750000000009
530:2315,12.958333333346,45.791666666675,test,bii_1000_test_est,12.916666666679,13.000000000012,45.750000000009,45.833333333342
530:2316,13.041666666679,45.791666666675,test,bii_1000_test_est,13.000000000012,13.083333333346,45.750000000009,45.833333333342
530:2314,12.875000000012,45.791666666675,test,bii_1000_test_est,12.833333333346,12.916666666679,45.750000000009,45.833333333342
530:2317,13.125000000012,45.791666666675,test,bii_1000_test_est,13.083333333346,13.166666666679,45.750000000009,45.833333333342
533:2310,12.541666666679,45.541666666675,test,bii_1000_test_est,12.500000000012,12.583333333346,45.500000000009,45.583333333342
530:2313,12.791666666679,45.791666666675,test,bii_1000_test_est,12.750000000012,12.833333333346,45.750000000009,45.833333333342
530:2318,13.208333333346,45.791666666675,test,bii_1000_test_est,13.166666666679,13.250000000012,45.750000000009,45.833333333342
531:2311,12.625000000012,45.708333333342,test,bii_1000_test_est,12.583333333346,12.666666666679,45.666666666675,45.750000000009
532:2310,12.541666666679,45.625000000009,test,bii_1000_test_est,12.500000000012,12.583333333346,45.583333333342,45.666666666675
530:2312,12.708333333346,45.791666666675,test,bii_1000_test_est,12.666666666679,12.750000000012,45.750000000009,45.833333333342
530:2319,13.291666666679,45.791666666675,test,bii_1000_test_est,13.250000000012,13.333333333346,45.750000000009,45.833333333342
529:2315,12.958333333346,45.875000000009,test,bii_1000_test_est,12.916666666679,13.000000000012,45.833333333342,45.916666666675
529:2316,13.041666666679,45.875000000009,test,bii_1000_test_est,13.000000000012,13.083333333346,45.833333333342,45.916666666675
531:2310,12.541666666679,45.708333333342,test,bii_1000_test_est,12.500000000012,12.583333333346,45.666666666675,45.750000000009
529:2314,12.875000000012,45.875000000009,test,bii_1000_test_est,12.833333333346,12.916666666679,45.833333333342,45.916666666675
529:2317,13.125000000012,45.875000000009,test,bii_1000_test_est,13.083333333346,13.166666666679,45.833333333342,45.916666666675
530:2311,12.625000000012,45.791666666675,test,bii_1000_test_est,12.583333333346,12.666666666679,45.750000000009,45.833333333342
530:2320,13.375000000012,45.791666666675,test,bii_1000_test_est,13.333333333346,13.416666666679,45.750000000009,45.833333333342
532:2309,12.458333333346,45.625000000009,test,bii_1000_test_est,12.416666666679,12.500000000012,45.583333333342,45.666666666675
529:2313,12.791666666679,45.875000000009,test,bii_1000_test_est,12.750000000012,12.833333333346,45.833333333342,45.916666666675
529:2318,13.208333333346,45.875000000009,test,bii_1000_test_est,13.166666666679,13.250000000012,45.833333333342,45.916666666675
529:2312,12.708333333346,45.875000000009,test,bii_1000_test_est,12.666666666679,12.750000000012,45.833333333342,45.916666666675
529:2319,13.291666666679,45.875000000009,test,bii_1000_test_est,13.250000000012,13.333333333346,45.833333333342,45.916666666675
531:2309,12.458333333346,45.708333333342,test,bii_1000_test_est,12.416666666679,12.500000000012,45.666666666675,45.750000000009
530:2310,12.541666666679,45.791666666675,test,bii_1000_test_est,12.500000000012,12.583333333346,45.750000000009,45.833333333342
530:2321,13.458333333346,45.791666666675,test,bii_1000_test_est,13.416666666679,13.500000000012,45.750000000009,45.833333333342
533:2308,12.375000000012,45.541666666675,test,bii_1000_test_est,12.333333333346,12.416666666679,45.500000000009,45.583333333342
532:2308,12.375000000012,45.625000000009,test,bii_1000_test_est,12.333333333346,12.416666666679,45.583333333342,45.666666666675
529:2311,12.625000000012,45.875000000009,test,bii_1000_test_est,12.583333333346,12.666666666679,45.833333333342,45.916666666675
529:2320,13.375000000012,45.875000000009,test,bii_1000_test_est,13.333333333346,13.416666666679,45.833333333342,45.916666666675
528:2315,12.958333333346,45.958333333342,test,bii_1000_test_est,12.916666666679,13.000000000012,45.916666666675,46.000000000009
528:2316,13.041666666679,45.958333333342,test,bii_1000_test_est,13.000000000012,13.083333333346,45.916666666675,46.000000000009
528:2314,12.875000000012,45.958333333342,test,bii_1000_test_est,12.833333333346,12.916666666679,45.916666666675,46.000000000009
528:2317,13.125000000012,45.958333333342,test,bii_1000_test_est,13.083333333346,13.166666666679,45.916666666675,46.000000000009
530:2309,12.458333333346,45.791666666675,test,bii_1000_test_est,12.416666666679,12.500000000012,45.750000000009,45.833333333342
528:2313,12.791666666679,45.958333333342,test,bii_1000_test_est,12.750000000012,12.833333333346,45.916666666675,46.000000000009
528:2318,13.208333333346,45.958333333342,test,bii_1000_test_est,13.166666666679,13.250000000012,45.916666666675,46.000000000009
531:2308,12.375000000012,45.708333333342,test,bii_1000_test_est,12.333333333346,12.416666666679,45.666666666675,45.750000000009
529:2310,12.541666666679,45.875000000009,test,bii_1000_test_est,12.500000000012,12.583333333346,45.833333333342,45.916666666675
529:2321,13.458333333346,45.875000000009,test,bii_1000_test_est,13.416666666679,13.500000000012,45.833333333342,45.916666666675
533:2307,12.291666666679,45.541666666675,test,bii_1000_test_est,12.250000000012,12.333333333346,45.500000000009,45.583333333342
528:2312,12.708333333346,45.958333333342,test,bii_1000_test_est,12.666666666679,12.750000000012,45.916666666675,46.000000000009
528:2319,13.291666666679,45.958333333342,test,bii_1000_test_est,13.250000000012,13.333333333346,45.916666666675,46.000000000009
532:2307,12.291666666679,45.625000000009,test,bii_1000_test_est,12.250000000012,12.333333333346,45.583333333342,45.666666666675
530:2308,12.375000000012,45.791666666675,test,bii_1000_test_est,12.333333333346,12.416666666679,45.750000000009,45.833333333342
528:2311,12.625000000012,45.958333333342,test,bii_1000_test_est,12.583333333346,12.666666666679,45.916666666675,46.000000000009
528:2320,13.375000000012,45.958333333342,test,bii_1000_test_est,13.333333333346,13.416666666679,45.916666666675,46.000000000009
529:2309,12.458333333346,45.875000000009,test,bii_1000_test_est,12.416666666679,12.500000000012,45.833333333342,45.916666666675
531:2307,12.291666666679,45.708333333342,test,bii_1000_test_est,12.250000000012,12.333333333346,45.666666666675,45.750000000009
527:2315,12.958333333346,46.041666666675,test,bii_1000_test_est,12.916666666679,13.000000000012,46.000000000009,46.083333333342
527:2316,13.041666666679,46.041666666675,test,bii_1000_test_est,13.000000000012,13.083333333346,46.000000000009,46.083333333342
527:2314,12.875000000012,46.041666666675,test,bii_1000_test_est,12.833333333346,12.916666666679,46.000000000009,46.083333333342
533:2306,12.208333333346,45.541666666675,test,bii_1000_test_est,12.166666666679,12.250000000012,45.500000000009,45.583333333342
528:2310,12.541666666679,45.958333333342,test,bii_1000_test_est,12.500000000012,12.583333333346,45.916666666675,46.000000000009
534:2306,12.208333333346,45.458333333342,test,bii_1000_test_est,12.166666666679,12.250000000012,45.416666666675,45.500000000009
528:2321,13.458333333346,45.958333333342,test,bii_1000_test_est,13.416666666679,13.500000000012,45.916666666675,46.000000000009
527:2313,12.791666666679,46.041666666675,test,bii_1000_test_est,12.750000000012,12.833333333346,46.000000000009,46.083333333342
532:2306,12.208333333346,45.625000000009,test,bii_1000_test_est,12.166666666679,12.250000000012,45.583333333342,45.666666666675
535:2306,12.208333333346,45.375000000009,test,bii_1000_test_est,12.166666666679,12.250000000012,45.333333333342,45.416666666675
530:2307,12.291666666679,45.791666666675,test,bii_1000_test_est,12.250000000012,12.333333333346,45.750000000009,45.833333333342
529:2308,12.375000000012,45.875000000009,test,bii_1000_test_est,12.333333333346,12.416666666679,45.833333333342,45.916666666675
527:2312,12.708333333346,46.041666666675,test,bii_1000_test_est,12.666666666679,12.750000000012,46.000000000009,46.083333333342
531:2306,12.208333333346,45.708333333342,test,bii_1000_test_est,12.166666666679,12.250000000012,45.666666666675,45.750000000009
528:2309,12.458333333346,45.958333333342,test,bii_1000_test_est,12.416666666679,12.500000000012,45.916666666675,46.000000000009
527:2311,12.625000000012,46.041666666675,test,bii_1000_test_est,12.583333333346,12.666666666679,46.000000000009,46.083333333342
533:2305,12.125000000012,45.541666666675,test,bii_1000_test_est,12.083333333346,12.166666666679,45.500000000009,45.583333333342
529:2307,12.291666666679,45.875000000009,test,bii_1000_test_est,12.250000000012,12.333333333346,45.833333333342,45.916666666675
526:2315,12.958333333346,46.125000000009,test,bii_1000_test_est,12.916666666679,13.000000000012,46.083333333342,46.166666666675
538:2307,12.291666666679,45.125000000009,test,bii_1000_test_est,12.250000000012,12.333333333346,45.083333333342,45.166666666675
530:2306,12.208333333346,45.791666666675,test,bii_1000_test_est,12.166666666679,12.250000000012,45.750000000009,45.833333333342
532:2305,12.125000000012,45.625000000009,test,bii_1000_test_est,12.083333333346,12.166666666679,45.583333333342,45.666666666675
527:2310,12.541666666679,46.041666666675,test,bii_1000_test_est,12.500000000012,12.583333333346,46.000000000009,46.083333333342
527:2321,13.458333333346,46.041666666675,test,bii_1000_test_est,13.416666666679,13.500000000012,46.000000000009,46.083333333342
526:2314,12.875000000012,46.125000000009,test,bii_1000_test_est,12.833333333346,12.916666666679,46.083333333342,46.166666666675
537:2306,12.208333333346,45.208333333342,test,bii_1000_test_est,12.166666666679,12.250000000012,45.166666666675,45.250000000009
528:2308,12.375000000012,45.958333333342,test,bii_1000_test_est,12.333333333346,12.416666666679,45.916666666675,46.000000000009
526:2313,12.791666666679,46.125000000009,test,bii_1000_test_est,12.750000000012,12.833333333346,46.083333333342,46.166666666675
531:2305,12.125000000012,45.708333333342,test,bii_1000_test_est,12.083333333346,12.166666666679,45.666666666675,45.750000000009
526:2312,12.708333333346,46.125000000009,test,bii_1000_test_est,12.666666666679,12.750000000012,46.083333333342,46.166666666675
527:2309,12.458333333346,46.041666666675,test,bii_1000_test_est,12.416666666679,12.500000000012,46.000000000009,46.083333333342
540:2309,12.458333333346,44.958333333342,test,bii_1000_test_est,12.416666666679,12.500000000012,44.916666666675,45.000000000009
529:2306,12.208333333346,45.875000000009,test,bii_1000_test_est,12.166666666679,12.250000000012,45.833333333342,45.916666666675
538:2306,12.208333333346,45.125000000009,test,bii_1000_test_est,12.166666666679,12.250000000012,45.083333333342,45.166666666675
526:2311,12.625000000012,46.125000000009,test,bii_1000_test_est,12.583333333346,12.666666666679,46.083333333342,46.166666666675
539:2307,12.291666666679,45.041666666675,test,bii_1000_test_est,12.250000000012,12.333333333346,45.000000000009,45.083333333342
530:2305,12.125000000012,45.791666666675,test,bii_1000_test_est,12.083333333346,12.166666666679,45.750000000009,45.833333333342
532:2304,12.041666666679,45.625000000009,test,bii_1000_test_est,12.000000000012,12.083333333346,45.583333333342,45.666666666675
540:2308,12.375000000012,44.958333333342,test,bii_1000_test_est,12.333333333346,12.416666666679,44.916666666675,45.000000000009
526:2310,12.541666666679,46.125000000009,test,bii_1000_test_est,12.500000000012,12.583333333346,46.083333333342,46.166666666675
531:2304,12.041666666679,45.708333333342,test,bii_1000_test_est,12.000000000012,12.083333333346,45.666666666675,45.750000000009
525:2315,12.958333333346,46.208333333342,test,bii_1000_test_est,12.916666666679,13.000000000012,46.166666666675,46.250000000009
525:2314,12.875000000012,46.208333333342,test,bii_1000_test_est,12.833333333346,12.916666666679,46.166666666675,46.250000000009
529:2305,12.125000000012,45.875000000009,test,bii_1000_test_est,12.083333333346,12.166666666679,45.833333333342,45.916666666675
525:2313,12.791666666679,46.208333333342,test,bii_1000_test_est,12.750000000012,12.833333333346,46.166666666675,46.250000000009
538:2305,12.125000000012,45.125000000009,test,bii_1000_test_est,12.083333333346,12.166666666679,45.083333333342,45.166666666675
539:2306,12.208333333346,45.041666666675,test,bii_1000_test_est,12.166666666679,12.250000000012,45.000000000009,45.083333333342
526:2309,12.458333333346,46.125000000009,test,bii_1000_test_est,12.416666666679,12.500000000012,46.083333333342,46.166666666675
530:2304,12.041666666679,45.791666666675,test,bii_1000_test_est,12.000000000012,12.083333333346,45.750000000009,45.833333333342
541:2309,12.458333333346,44.875000000009,test,bii_1000_test_est,12.416666666679,12.500000000012,44.833333333342,44.916666666675
525:2312,12.708333333346,46.208333333342,test,bii_1000_test_est,12.666666666679,12.750000000012,46.166666666675,46.250000000009
540:2307,12.291666666679,44.958333333342,test,bii_1000_test_est,12.250000000012,12.333333333346,44.916666666675,45.000000000009
532:2303,11.958333333346,45.625000000009,test,bii_1000_test_est,11.916666666679,12.000000000012,45.583333333342,45.666666666675
525:2311,12.625000000012,46.208333333342,test,bii_1000_test_est,12.583333333346,12.666666666679,46.166666666675,46.250000000009
531:2303,11.958333333346,45.708333333342,test,bii_1000_test_est,11.916666666679,12.000000000012,45.666666666675,45.750000000009
541:2308,12.375000000012,44.875000000009,test,bii_1000_test_est,12.333333333346,12.416666666679,44.833333333342,44.916666666675
529:2304,12.041666666679,45.875000000009,test,bii_1000_test_est,12.000000000012,12.083333333346,45.833333333342,45.916666666675
539:2305,12.125000000012,45.041666666675,test,bii_1000_test_est,12.083333333346,12.166666666679,45.000000000009,45.083333333342
525:2310,12.541666666679,46.208333333342,test,bii_1000_test_est,12.500000000012,12.583333333346,46.166666666675,46.250000000009
540:2306,12.208333333346,44.958333333342,test,bii_1000_test_est,12.166666666679,12.250000000012,44.916666666675,45.000000000009
530:2303,11.958333333346,45.791666666675,test,bii_1000_test_est,11.916666666679,12.000000000012,45.750000000009,45.833333333342
524:2315,12.958333333346,46.291666666675,test,bii_1000_test_est,12.916666666679,13.000000000012,46.250000000009,46.333333333342
524:2316,13.041666666679,46.291666666675,test,bii_1000_test_est,13.000000000012,13.083333333346,46.250000000009,46.333333333342
524:2314,12.875000000012,46.291666666675,test,bii_1000_test_est,12.833333333346,12.916666666679,46.250000000009,46.333333333342
532:2302,11.875000000012,45.625000000009,test,bii_1000_test_est,11.833333333346,11.916666666679,45.583333333342,45.666666666675
541:2307,12.291666666679,44.875000000009,test,bii_1000_test_est,12.250000000012,12.333333333346,44.833333333342,44.916666666675
525:2309,12.458333333346,46.208333333342,test,bii_1000_test_est,12.416666666679,12.500000000012,46.166666666675,46.250000000009
524:2313,12.791666666679,46.291666666675,test,bii_1000_test_est,12.750000000012,12.833333333346,46.250000000009,46.333333333342
524:2312,12.708333333346,46.291666666675,test,bii_1000_test_est,12.666666666679,12.750000000012,46.250000000009,46.333333333342
531:2302,11.875000000012,45.708333333342,test,bii_1000_test_est,11.833333333346,11.916666666679,45.666666666675,45.750000000009
539:2304,12.041666666679,45.041666666675,test,bii_1000_test_est,12.000000000012,12.083333333346,45.000000000009,45.083333333342
529:2303,11.958333333346,45.875000000009,test,bii_1000_test_est,11.916666666679,12.000000000012,45.833333333342,45.916666666675
540:2305,12.125000000012,44.958333333342,test,bii_1000_test_est,12.083333333346,12.166666666679,44.916666666675,45.000000000009
525:2308,12.375000000012,46.208333333342,test,bii_1000_test_est,12.333333333346,12.416666666679,46.166666666675,46.250000000009
524:2311,12.625000000012,46.291666666675,test,bii_1000_test_est,12.583333333346,12.666666666679,46.250000000009,46.333333333342
541:2306,12.208333333346,44.875000000009,test,bii_1000_test_est,12.166666666679,12.250000000012,44.833333333342,44.916666666675
530:2302,11.875000000012,45.791666666675,test,bii_1000_test_est,11.833333333346,11.916666666679,45.750000000009,45.833333333342
524:2310,12.541666666679,46.291666666675,test,bii_1000_test_est,12.500000000012,12.583333333346,46.250000000009,46.333333333342
524:2321,13.458333333346,46.291666666675,test,bii_1000_test_est,13.416666666679,13.500000000012,46.250000000009,46.333333333342
532:2301,11.791666666679,45.625000000009,test,bii_1000_test_est,11.750000000012,11.833333333346,45.583333333342,45.666666666675
539:2303,11.958333333346,45.041666666675,test,bii_1000_test_est,11.916666666679,12.000000000012,45.000000000009,45.083333333342
540:2304,12.041666666679,44.958333333342,test,bii_1000_test_est,12.000000000012,12.083333333346,44.916666666675,45.000000000009
529:2302,11.875000000012,45.875000000009,test,bii_1000_test_est,11.833333333346,11.916666666679,45.833333333342,45.916666666675
531:2301,11.791666666679,45.708333333342,test,bii_1000_test_est,11.750000000012,11.833333333346,45.666666666675,45.750000000009
523:2315,12.958333333346,46.375000000009,test,bii_1000_test_est,12.916666666679,13.000000000012,46.333333333342,46.416666666675
523:2316,13.041666666679,46.375000000009,test,bii_1000_test_est,13.000000000012,13.083333333346,46.333333333342,46.416666666675
524:2309,12.458333333346,46.291666666675,test,bii_1000_test_est,12.416666666679,12.500000000012,46.250000000009,46.333333333342
523:2314,12.875000000012,46.375000000009,test,bii_1000_test_est,12.833333333346,12.916666666679,46.333333333342,46.416666666675
523:2317,13.125000000012,46.375000000009,test,bii_1000_test_est,13.083333333346,13.166666666679,46.333333333342,46.416666666675
541:2305,12.125000000012,44.875000000009,test,bii_1000_test_est,12.083333333346,12.166666666679,44.833333333342,44.916666666675
523:2313,12.791666666679,46.375000000009,test,bii_1000_test_est,12.750000000012,12.833333333346,46.333333333342,46.416666666675
523:2318,13.208333333346,46.375000000009,test,bii_1000_test_est,13.166666666679,13.250000000012,46.333333333342,46.416666666675
530:2301,11.791666666679,45.791666666675,test,bii_1000_test_est,11.750000000012,11.833333333346,45.750000000009,45.833333333342
523:2312,12.708333333346,46.375000000009,test,bii_1000_test_est,12.666666666679,12.750000000012,46.333333333342,46.416666666675
523:2319,13.291666666679,46.375000000009,test,bii_1000_test_est,13.250000000012,13.333333333346,46.333333333342,46.416666666675
524:2308,12.375000000012,46.291666666675,test,bii_1000_test_est,12.333333333346,12.416666666679,46.250000000009,46.333333333342
542:2306,12.208333333346,44.791666666675,test,bii_1000_test_est,12.166666666679,12.250000000012,44.750000000009,44.833333333342
528:2302,11.875000000012,45.958333333342,test,bii_1000_test_est,11.833333333346,11.916666666679,45.916666666675,46.000000000009
523:2311,12.625000000012,46.375000000009,test,bii_1000_test_est,12.583333333346,12.666666666679,46.333333333342,46.416666666675
523:2320,13.375000000012,46.375000000009,test,bii_1000_test_est,13.333333333346,13.416666666679,46.333333333342,46.416666666675
540:2303,11.958333333346,44.958333333342,test,bii_1000_test_est,11.916666666679,12.000000000012,44.916666666675,45.000000000009
532:2300,11.708333333346,45.625000000009,test,bii_1000_test_est,11.666666666679,11.750000000012,45.583333333342,45.666666666675
539:2302,11.875000000012,45.041666666675,test,bii_1000_test_est,11.833333333346,11.916666666679,45.000000000009,45.083333333342
541:2304,12.041666666679,44.875000000009,test,bii_1000_test_est,12.000000000012,12.083333333346,44.833333333342,44.916666666675
529:2301,11.791666666679,45.875000000009,test,bii_1000_test_est,11.750000000012,11.833333333346,45.833333333342,45.916666666675
523:2310,12.541666666679,46.375000000009,test,bii_1000_test_est,12.500000000012,12.583333333346,46.333333333342,46.416666666675
531:2300,11.708333333346,45.708333333342,test,bii_1000_test_est,11.666666666679,11.750000000012,45.666666666675,45.750000000009
523:2321,13.458333333346,46.375000000009,test,bii_1000_test_est,13.416666666679,13.500000000012,46.333333333342,46.416666666675
524:2307,12.291666666679,46.291666666675,test,bii_1000_test_est,12.250000000012,12.333333333346,46.250000000009,46.333333333342
538:2301,11.791666666679,45.125000000009,test,bii_1000_test_est,11.750000000012,11.833333333346,45.083333333342,45.166666666675
542:2305,12.125000000012,44.791666666675,test,bii_1000_test_est,12.083333333346,12.166666666679,44.750000000009,44.833333333342
523:2309,12.458333333346,46.375000000009,test,bii_1000_test_est,12.416666666679,12.500000000012,46.333333333342,46.416666666675
530:2300,11.708333333346,45.791666666675,test,bii_1000_test_est,11.666666666679,11.750000000012,45.750000000009,45.833333333342
522:2315,12.958333333346,46.458333333342,test,bii_1000_test_est,12.916666666679,13.000000000012,46.416666666675,46.500000000009
522:2316,13.041666666679,46.458333333342,test,bii_1000_test_est,13.000000000012,13.083333333346,46.416666666675,46.500000000009
522:2314,12.875000000012,46.458333333342,test,bii_1000_test_est,12.833333333346,12.916666666679,46.416666666675,46.500000000009
522:2317,13.125000000012,46.458333333342,test,bii_1000_test_est,13.083333333346,13.166666666679,46.416666666675,46.500000000009
528:2301,11.791666666679,45.958333333342,test,bii_1000_test_est,11.750000000012,11.833333333346,45.916666666675,46.000000000009
540:2302,11.875000000012,44.958333333342,test,bii_1000_test_est,11.833333333346,11.916666666679,44.916666666675,45.000000000009
524:2306,12.208333333346,46.291666666675,test,bii_1000_test_est,12.166666666679,12.250000000012,46.250000000009,46.333333333342
541:2303,11.958333333346,44.875000000009,test,bii_1000_test_est,11.916666666679,12.000000000012,44.833333333342,44.916666666675
522:2313,12.791666666679,46.458333333342,test,bii_1000_test_est,12.750000000012,12.833333333346,46.416666666675,46.500000000009
522:2318,13.208333333346,46.458333333342,test,bii_1000_test_est,13.166666666679,13.250000000012,46.416666666675,46.500000000009
539:2301,11.791666666679,45.041666666675,test,bii_1000_test_est,11.750000000012,11.833333333346,45.000000000009,45.083333333342
543:2306,12.208333333346,44.708333333342,test,bii_1000_test_est,12.166666666679,12.250000000012,44.666666666675,44.750000000009
532:2299,11.625000000012,45.625000000009,test,bii_1000_test_est,11.583333333346,11.666666666679,45.583333333342,45.666666666675
523:2308,12.375000000012,46.375000000009,test,bii_1000_test_est,12.333333333346,12.416666666679,46.333333333342,46.416666666675
522:2312,12.708333333346,46.458333333342,test,bii_1000_test_est,12.666666666679,12.750000000012,46.416666666675,46.500000000009
522:2319,13.291666666679,46.458333333342,test,bii_1000_test_est,13.250000000012,13.333333333346,46.416666666675,46.500000000009
529:2300,11.708333333346,45.875000000009,test,bii_1000_test_est,11.666666666679,11.750000000012,45.833333333342,45.916666666675
542:2304,12.041666666679,44.791666666675,test,bii_1000_test_est,12.000000000012,12.083333333346,44.750000000009,44.833333333342
538:2300,11.708333333346,45.125000000009,test,bii_1000_test_est,11.666666666679,11.750000000012,45.083333333342,45.166666666675
531:2299,11.625000000012,45.708333333342,test,bii_1000_test_est,11.583333333346,11.666666666679,45.666666666675,45.750000000009
522:2311,12.625000000012,46.458333333342,test,bii_1000_test_est,12.583333333346,12.666666666679,46.416666666675,46.500000000009
522:2320,13.375000000012,46.458333333342,test,bii_1000_test_est,13.333333333346,13.416666666679,46.416666666675,46.500000000009
524:2305,12.125000000012,46.291666666675,test,bii_1000_test_est,12.083333333346,12.166666666679,46.250000000009,46.333333333342
523:2307,12.291666666679,46.375000000009,test,bii_1000_test_est,12.250000000012,12.333333333346,46.333333333342,46.416666666675
527:2301,11.791666666679,46.041666666675,test,bii_1000_test_est,11.750000000012,11.833333333346,46.000000000009,46.083333333342
543:2305,12.125000000012,44.708333333342,test,bii_1000_test_est,12.083333333346,12.166666666679,44.666666666675,44.750000000009
530:2299,11.625000000012,45.791666666675,test,bii_1000_test_est,11.583333333346,11.666666666679,45.750000000009,45.833333333342
522:2310,12.541666666679,46.458333333342,test,bii_1000_test_est,12.500000000012,12.583333333346,46.416666666675,46.500000000009
522:2321,13.458333333346,46.458333333342,test,bii_1000_test_est,13.416666666679,13.500000000012,46.416666666675,46.500000000009
540:2301,11.791666666679,44.958333333342,test,bii_1000_test_est,11.750000000012,11.833333333346,44.916666666675,45.000000000009
541:2302,11.875000000012,44.875000000009,test,bii_1000_test_est,11.833333333346,11.916666666679,44.833333333342,44.916666666675
528:2300,11.708333333346,45.958333333342,test,bii_1000_test_est,11.666666666679,11.750000000012,45.916666666675,46.000000000009
539:2300,11.708333333346,45.041666666675,test,bii_1000_test_est,11.666666666679,11.750000000012,45.000000000009,45.083333333342
542:2303,11.958333333346,44.791666666675,test,bii_1000_test_est,11.916666666679,12.000000000012,44.750000000009,44.833333333342
522:2309,12.458333333346,46.458333333342,test,bii_1000_test_est,12.416666666679,12.500000000012,46.416666666675,46.500000000009
532:2298,11.541666666679,45.625000000009,test,bii_1000_test_est,11.500000000012,11.583333333346,45.583333333342,45.666666666675
523:2306,12.208333333346,46.375000000009,test,bii_1000_test_est,12.166666666679,12.250000000012,46.333333333342,46.416666666675
529:2299,11.625000000012,45.875000000009,test,bii_1000_test_est,11.583333333346,11.666666666679,45.833333333342,45.916666666675
524:2304,12.041666666679,46.291666666675,test,bii_1000_test_est,12.000000000012,12.083333333346,46.250000000009,46.333333333342
544:2306,12.208333333346,44.625000000009,test,bii_1000_test_est,12.166666666679,12.250000000012,44.583333333342,44.666666666675
538:2299,11.625000000012,45.125000000009,test,bii_1000_test_est,11.583333333346,11.666666666679,45.083333333342,45.166666666675
543:2304,12.041666666679,44.708333333342,test,bii_1000_test_est,12.000000000012,12.083333333346,44.666666666675,44.750000000009
531:2298,11.541666666679,45.708333333342,test,bii_1000_test_est,11.500000000012,11.583333333346,45.666666666675,45.750000000009
526:2301,11.791666666679,46.125000000009,test,bii_1000_test_est,11.750000000012,11.833333333346,46.083333333342,46.166666666675
522:2308,12.375000000012,46.458333333342,test,bii_1000_test_est,12.333333333346,12.416666666679,46.416666666675,46.500000000009
527:2300,11.708333333346,46.041666666675,test,bii_1000_test_est,11.666666666679,11.750000000012,46.000000000009,46.083333333342
525:2302,11.875000000012,46.208333333342,test,bii_1000_test_est,11.833333333346,11.916666666679,46.166666666675,46.250000000009
541:2301,11.791666666679,44.875000000009,test,bii_1000_test_est,11.750000000012,11.833333333346,44.833333333342,44.916666666675
540:2300,11.708333333346,44.958333333342,test,bii_1000_test_est,11.666666666679,11.750000000012,44.916666666675,45.000000000009
530:2298,11.541666666679,45.791666666675,test,bii_1000_test_est,11.500000000012,11.583333333346,45.750000000009,45.833333333342
523:2305,12.125000000012,46.375000000009,test,bii_1000_test_est,12.083333333346,12.166666666679,46.333333333342,46.416666666675
542:2302,11.875000000012,44.791666666675,test,bii_1000_test_est,11.833333333346,11.916666666679,44.750000000009,44.833333333342
528:2299,11.625000000012,45.958333333342,test,bii_1000_test_est,11.583333333346,11.666666666679,45.916666666675,46.000000000009
544:2305,12.125000000012,44.625000000009,test,bii_1000_test_est,12.083333333346,12.166666666679,44.583333333342,44.666666666675
524:2303,11.958333333346,46.291666666675,test,bii_1000_test_est,11.916666666679,12.000000000012,46.250000000009,46.333333333342
539:2299,11.625000000012,45.041666666675,test,bii_1000_test_est,11.583333333346,11.666666666679,45.000000000009,45.083333333342
522:2307,12.291666666679,46.458333333342,test,bii_1000_test_est,12.250000000012,12.333333333346,46.416666666675,46.500000000009
543:2303,11.958333333346,44.708333333342,test,bii_1000_test_est,11.916666666679,12.000000000012,44.666666666675,44.750000000009
529:2298,11.541666666679,45.875000000009,test,bii_1000_test_est,11.500000000012,11.583333333346,45.833333333342,45.916666666675
532:2297,11.458333333346,45.625000000009,test,bii_1000_test_est,11.416666666679,11.500000000012,45.583333333342,45.666666666675
538:2298,11.541666666679,45.125000000009,test,bii_1000_test_est,11.500000000012,11.583333333346,45.083333333342,45.166666666675
527:2268,9.041666666679,46.041666666675,validation,bii_1000_validation_ovest,9.000000000012,9.083333333345,46.000000000009,46.083333333342
528:2267,8.958333333345,45.958333333342,validation,bii_1000_validation_ovest,8.916666666679,9.000000000012,45.916666666675,46.000000000009
527:2267,8.958333333345,46.041666666675,validation,bii_1000_validation_ovest,8.916666666679,9.000000000012,46.000000000009,46.083333333342
528:2268,9.041666666679,45.958333333342,validation,bii_1000_validation_ovest,9.000000000012,9.083333333345,45.916666666675,46.000000000009
527:2269,9.125000000012,46.041666666675,validation,bii_1000_validation_ovest,9.083333333345,9.166666666679,46.000000000009,46.083333333342
527:2266,8.875000000012,46.041666666675,validation,bii_1000_validation_ovest,8.833333333345,8.916666666679,46.000000000009,46.083333333342
528:2266,8.875000000012,45.958333333342,validation,bii_1000_validation_ovest,8.833333333345,8.916666666679,45.916666666675,46.000000000009
528:2269,9.125000000012,45.958333333342,validation,bii_1000_validation_ovest,9.083333333345,9.166666666679,45.916666666675,46.000000000009
526:2268,9.041666666679,46.125000000009,validation,bii_1000_validation_ovest,9.000000000012,9.083333333345,46.083333333342,46.166666666675
529:2267,8.958333333345,45.875000000009,validation,bii_1000_validation_ovest,8.916666666679,9.000000000012,45.833333333342,45.916666666675
526:2267,8.958333333345,46.125000000009,validation,bii_1000_validation_ovest,8.916666666679,9.000000000012,46.083333333342,46.166666666675
529:2268,9.041666666679,45.875000000009,validation,bii_1000_validation_ovest,9.000000000012,9.083333333345,45.833333333342,45.916666666675
527:2270,9.208333333345,46.041666666675,validation,bii_1000_validation_ovest,9.166666666679,9.250000000012,46.000000000009,46.083333333342
527:2265,8.791666666679,46.041666666675,validation,bii_1000_validation_ovest,8.750000000012,8.833333333345,46.000000000009,46.083333333342
528:2265,8.791666666679,45.958333333342,validation,bii_1000_validation_ovest,8.750000000012,8.833333333345,45.916666666675,46.000000000009
528:2270,9.208333333345,45.958333333342,validation,bii_1000_validation_ovest,9.166666666679,9.250000000012,45.916666666675,46.000000000009
526:2269,9.125000000012,46.125000000009,validation,bii_1000_validation_ovest,9.083333333345,9.166666666679,46.083333333342,46.166666666675
526:2266,8.875000000012,46.125000000009,validation,bii_1000_validation_ovest,8.833333333345,8.916666666679,46.083333333342,46.166666666675
529:2266,8.875000000012,45.875000000009,validation,bii_1000_validation_ovest,8.833333333345,8.916666666679,45.833333333342,45.916666666675
529:2269,9.125000000012,45.875000000009,validation,bii_1000_validation_ovest,9.083333333345,9.166666666679,45.833333333342,45.916666666675
526:2270,9.208333333345,46.125000000009,validation,bii_1000_validation_ovest,9.166666666679,9.250000000012,46.083333333342,46.166666666675
526:2265,8.791666666679,46.125000000009,validation,bii_1000_validation_ovest,8.750000000012,8.833333333345,46.083333333342,46.166666666675
529:2265,8.791666666679,45.875000000009,validation,bii_1000_validation_ovest,8.750000000012,8.833333333345,45.833333333342,45.916666666675
529:2270,9.208333333345,45.875000000009,validation,bii_1000_validation_ovest,9.166666666679,9.250000000012,45.833333333342,45.916666666675
527:2271,9.291666666679,46.041666666675,validation,bii_1000_validation_ovest,9.250000000012,9.333333333345,46.000000000009,46.083333333342
527:2264,8.708333333345,46.041666666675,validation,bii_1000_validation_ovest,8.666666666679,8.750000000012,46.000000000009,46.083333333342
528:2264,8.708333333345,45.958333333342,validation,bii_1000_validation_ovest,8.666666666679,8.750000000012,45.916666666675,46.000000000009
528:2271,9.291666666679,45.958333333342,validation,bii_1000_validation_ovest,9.250000000012,9.333333333345,45.916666666675,46.000000000009
530:2267,8.958333333345,45.791666666675,validation,bii_1000_validation_ovest,8.916666666679,9.000000000012,45.750000000009,45.833333333342
525:2268,9.041666666679,46.208333333342,validation,bii_1000_validation_ovest,9.000000000012,9.083333333345,46.166666666675,46.250000000009
530:2268,9.041666666679,45.791666666675,validation,bii_1000_validation_ovest,9.000000000012,9.083333333345,45.750000000009,45.833333333342
525:2267,8.958333333345,46.208333333342,validation,bii_1000_validation_ovest,8.916666666679,9.000000000012,46.166666666675,46.250000000009
525:2269,9.125000000012,46.208333333342,validation,bii_1000_validation_ovest,9.083333333345,9.166666666679,46.166666666675,46.250000000009
525:2266,8.875000000012,46.208333333342,validation,bii_1000_validation_ovest,8.833333333345,8.916666666679,46.166666666675,46.250000000009
530:2266,8.875000000012,45.791666666675,validation,bii_1000_validation_ovest,8.833333333345,8.916666666679,45.750000000009,45.833333333342
530:2269,9.125000000012,45.791666666675,validation,bii_1000_validation_ovest,9.083333333345,9.166666666679,45.750000000009,45.833333333342
526:2271,9.291666666679,46.125000000009,validation,bii_1000_validation_ovest,9.250000000012,9.333333333345,46.083333333342,46.166666666675
526:2264,8.708333333345,46.125000000009,validation,bii_1000_validation_ovest,8.666666666679,8.750000000012,46.083333333342,46.166666666675
529:2264,8.708333333345,45.875000000009,validation,bii_1000_validation_ovest,8.666666666679,8.750000000012,45.833333333342,45.916666666675
529:2271,9.291666666679,45.875000000009,validation,bii_1000_validation_ovest,9.250000000012,9.333333333345,45.833333333342,45.916666666675
525:2270,9.208333333345,46.208333333342,validation,bii_1000_validation_ovest,9.166666666679,9.250000000012,46.166666666675,46.250000000009
525:2265,8.791666666679,46.208333333342,validation,bii_1000_validation_ovest,8.750000000012,8.833333333345,46.166666666675,46.250000000009
530:2265,8.791666666679,45.791666666675,validation,bii_1000_validation_ovest,8.750000000012,8.833333333345,45.750000000009,45.833333333342
530:2270,9.208333333345,45.791666666675,validation,bii_1000_validation_ovest,9.166666666679,9.250000000012,45.750000000009,45.833333333342
527:2272,9.375000000012,46.041666666675,validation,bii_1000_validation_ovest,9.333333333345,9.416666666679,46.000000000009,46.083333333342
527:2263,8.625000000012,46.041666666675,validation,bii_1000_validation_ovest,8.583333333345,8.666666666679,46.000000000009,46.083333333342
528:2263,8.625000000012,45.958333333342,validation,bii_1000_validation_ovest,8.583333333345,8.666666666679,45.916666666675,46.000000000009
528:2272,9.375000000012,45.958333333342,validation,bii_1000_validation_ovest,9.333333333345,9.416666666679,45.916666666675,46.000000000009
526:2272,9.375000000012,46.125000000009,validation,bii_1000_validation_ovest,9.333333333345,9.416666666679,46.083333333342,46.166666666675
526:2263,8.625000000012,46.125000000009,validation,bii_1000_validation_ovest,8.583333333345,8.666666666679,46.083333333342,46.166666666675
529:2263,8.625000000012,45.875000000009,validation,bii_1000_validation_ovest,8.583333333345,8.666666666679,45.833333333342,45.916666666675
529:2272,9.375000000012,45.875000000009,validation,bii_1000_validation_ovest,9.333333333345,9.416666666679,45.833333333342,45.916666666675
525:2271,9.291666666679,46.208333333342,validation,bii_1000_validation_ovest,9.250000000012,9.333333333345,46.166666666675,46.250000000009
525:2264,8.708333333345,46.208333333342,validation,bii_1000_validation_ovest,8.666666666679,8.750000000012,46.166666666675,46.250000000009
530:2264,8.708333333345,45.791666666675,validation,bii_1000_validation_ovest,8.666666666679,8.750000000012,45.750000000009,45.833333333342
530:2271,9.291666666679,45.791666666675,validation,bii_1000_validation_ovest,9.250000000012,9.333333333345,45.750000000009,45.833333333342
531:2267,8.958333333345,45.708333333342,validation,bii_1000_validation_ovest,8.916666666679,9.000000000012,45.666666666675,45.750000000009
531:2268,9.041666666679,45.708333333342,validation,bii_1000_validation_ovest,9.000000000012,9.083333333345,45.666666666675,45.750000000009
524:2268,9.041666666679,46.291666666675,validation,bii_1000_validation_ovest,9.000000000012,9.083333333345,46.250000000009,46.333333333342
524:2267,8.958333333345,46.291666666675,validation,bii_1000_validation_ovest,8.916666666679,9.000000000012,46.250000000009,46.333333333342
524:2269,9.125000000012,46.291666666675,validation,bii_1000_validation_ovest,9.083333333345,9.166666666679,46.250000000009,46.333333333342
531:2266,8.875000000012,45.708333333342,validation,bii_1000_validation_ovest,8.833333333345,8.916666666679,45.666666666675,45.750000000009
524:2266,8.875000000012,46.291666666675,validation,bii_1000_validation_ovest,8.833333333345,8.916666666679,46.250000000009,46.333333333342
531:2269,9.125000000012,45.708333333342,validation,bii_1000_validation_ovest,9.083333333345,9.166666666679,45.666666666675,45.750000000009
527:2273,9.458333333346,46.041666666675,validation,bii_1000_validation_ovest,9.416666666679,9.500000000012,46.000000000009,46.083333333342
527:2262,8.541666666679,46.041666666675,validation,bii_1000_validation_ovest,8.500000000012,8.583333333345,46.000000000009,46.083333333342
528:2262,8.541666666679,45.958333333342,validation,bii_1000_validation_ovest,8.500000000012,8.583333333345,45.916666666675,46.000000000009
528:2273,9.458333333346,45.958333333342,validation,bii_1000_validation_ovest,9.416666666679,9.500000000012,45.916666666675,46.000000000009
524:2270,9.208333333345,46.291666666675,validation,bii_1000_validation_ovest,9.166666666679,9.250000000012,46.250000000009,46.333333333342
524:2265,8.791666666679,46.291666666675,validation,bii_1000_validation_ovest,8.750000000012,8.833333333345,46.250000000009,46.333333333342
531:2265,8.791666666679,45.708333333342,validation,bii_1000_validation_ovest,8.750000000012,8.833333333345,45.666666666675,45.750000000009
531:2270,9.208333333345,45.708333333342,validation,bii_1000_validation_ovest,9.166666666679,9.250000000012,45.666666666675,45.750000000009
525:2272,9.375000000012,46.208333333342,validation,bii_1000_validation_ovest,9.333333333345,9.416666666679,46.166666666675,46.250000000009
525:2263,8.625000000012,46.208333333342,validation,bii_1000_validation_ovest,8.583333333345,8.666666666679,46.166666666675,46.250000000009
530:2263,8.625000000012,45.791666666675,validation,bii_1000_validation_ovest,8.583333333345,8.666666666679,45.750000000009,45.833333333342
530:2272,9.375000000012,45.791666666675,validation,bii_1000_validation_ovest,9.333333333345,9.416666666679,45.750000000009,45.833333333342
526:2273,9.458333333346,46.125000000009,validation,bii_1000_validation_ovest,9.416666666679,9.500000000012,46.083333333342,46.166666666675
526:2262,8.541666666679,46.125000000009,validation,bii_1000_validation_ovest,8.500000000012,8.583333333345,46.083333333342,46.166666666675
529:2262,8.541666666679,45.875000000009,validation,bii_1000_validation_ovest,8.500000000012,8.583333333345,45.833333333342,45.916666666675
529:2273,9.458333333346,45.875000000009,validation,bii_1000_validation_ovest,9.416666666679,9.500000000012,45.833333333342,45.916666666675
524:2271,9.291666666679,46.291666666675,validation,bii_1000_validation_ovest,9.250000000012,9.333333333345,46.250000000009,46.333333333342
524:2264,8.708333333345,46.291666666675,validation,bii_1000_validation_ovest,8.666666666679,8.750000000012,46.250000000009,46.333333333342
531:2264,8.708333333345,45.708333333342,validation,bii_1000_validation_ovest,8.666666666679,8.750000000012,45.666666666675,45.750000000009
531:2271,9.291666666679,45.708333333342,validation,bii_1000_validation_ovest,9.250000000012,9.333333333345,45.666666666675,45.750000000009
532:2267,8.958333333345,45.625000000009,validation,bii_1000_validation_ovest,8.916666666679,9.000000000012,45.583333333342,45.666666666675
532:2268,9.041666666679,45.625000000009,validation,bii_1000_validation_ovest,9.000000000012,9.083333333345,45.583333333342,45.666666666675
523:2268,9.041666666679,46.375000000009,validation,bii_1000_validation_ovest,9.000000000012,9.083333333345,46.333333333342,46.416666666675
523:2267,8.958333333345,46.375000000009,validation,bii_1000_validation_ovest,8.916666666679,9.000000000012,46.333333333342,46.416666666675
527:2274,9.541666666679,46.041666666675,validation,bii_1000_validation_ovest,9.500000000012,9.583333333346,46.000000000009,46.083333333342
528:2274,9.541666666679,45.958333333342,validation,bii_1000_validation_ovest,9.500000000012,9.583333333346,45.916666666675,46.000000000009
525:2273,9.458333333346,46.208333333342,validation,bii_1000_validation_ovest,9.416666666679,9.500000000012,46.166666666675,46.250000000009
525:2262,8.541666666679,46.208333333342,validation,bii_1000_validation_ovest,8.500000000012,8.583333333345,46.166666666675,46.250000000009
530:2262,8.541666666679,45.791666666675,validation,bii_1000_validation_ovest,8.500000000012,8.583333333345,45.750000000009,45.833333333342
530:2273,9.458333333346,45.791666666675,validation,bii_1000_validation_ovest,9.416666666679,9.500000000012,45.750000000009,45.833333333342
523:2269,9.125000000012,46.375000000009,validation,bii_1000_validation_ovest,9.083333333345,9.166666666679,46.333333333342,46.416666666675
532:2266,8.875000000012,45.625000000009,validation,bii_1000_validation_ovest,8.833333333345,8.916666666679,45.583333333342,45.666666666675
523:2266,8.875000000012,46.375000000009,validation,bii_1000_validation_ovest,8.833333333345,8.916666666679,46.333333333342,46.416666666675
532:2269,9.125000000012,45.625000000009,validation,bii_1000_validation_ovest,9.083333333345,9.166666666679,45.583333333342,45.666666666675
524:2272,9.375000000012,46.291666666675,validation,bii_1000_validation_ovest,9.333333333345,9.416666666679,46.250000000009,46.333333333342
524:2263,8.625000000012,46.291666666675,validation,bii_1000_validation_ovest,8.583333333345,8.666666666679,46.250000000009,46.333333333342
531:2263,8.625000000012,45.708333333342,validation,bii_1000_validation_ovest,8.583333333345,8.666666666679,45.666666666675,45.750000000009
531:2272,9.375000000012,45.708333333342,validation,bii_1000_validation_ovest,9.333333333345,9.416666666679,45.666666666675,45.750000000009
526:2274,9.541666666679,46.125000000009,validation,bii_1000_validation_ovest,9.500000000012,9.583333333346,46.083333333342,46.166666666675
529:2274,9.541666666679,45.875000000009,validation,bii_1000_validation_ovest,9.500000000012,9.583333333346,45.833333333342,45.916666666675
523:2270,9.208333333345,46.375000000009,validation,bii_1000_validation_ovest,9.166666666679,9.250000000012,46.333333333342,46.416666666675
523:2265,8.791666666679,46.375000000009,validation,bii_1000_validation_ovest,8.750000000012,8.833333333345,46.333333333342,46.416666666675
532:2265,8.791666666679,45.625000000009,validation,bii_1000_validation_ovest,8.750000000012,8.833333333345,45.583333333342,45.666666666675
532:2270,9.208333333345,45.625000000009,validation,bii_1000_validation_ovest,9.166666666679,9.250000000012,45.583333333342,45.666666666675
523:2271,9.291666666679,46.375000000009,validation,bii_1000_validation_ovest,9.250000000012,9.333333333345,46.333333333342,46.416666666675
523:2264,8.708333333345,46.375000000009,validation,bii_1000_validation_ovest,8.666666666679,8.750000000012,46.333333333342,46.416666666675
532:2264,8.708333333345,45.625000000009,validation,bii_1000_validation_ovest,8.666666666679,8.750000000012,45.583333333342,45.666666666675
532:2271,9.291666666679,45.625000000009,validation,bii_1000_validation_ovest,9.250000000012,9.333333333345,45.583333333342,45.666666666675
525:2274,9.541666666679,46.208333333342,validation,bii_1000_validation_ovest,9.500000000012,9.583333333346,46.166666666675,46.250000000009
524:2273,9.458333333346,46.291666666675,validation,bii_1000_validation_ovest,9.416666666679,9.500000000012,46.250000000009,46.333333333342
524:2262,8.541666666679,46.291666666675,validation,bii_1000_validation_ovest,8.500000000012,8.583333333345,46.250000000009,46.333333333342
530:2274,9.541666666679,45.791666666675,validation,bii_1000_validation_ovest,9.500000000012,9.583333333346,45.750000000009,45.833333333342
524:2296,11.375000000012,46.291666666675,train,bii_1000_training_esteso,11.333333333346,11.416666666679,46.250000000009,46.333333333342
524:2293,11.125000000012,46.291666666675,train,bii_1000_training_esteso,11.083333333346,11.166666666679,46.250000000009,46.333333333342
534:2293,11.125000000012,45.458333333342,train,bii_1000_training_esteso,11.083333333346,11.166666666679,45.416666666675,45.500000000009
535:2295,11.291666666679,45.375000000009,train,bii_1000_training_esteso,11.250000000012,11.333333333346,45.333333333342,45.416666666675
536:2304,12.041666666679,45.291666666675,train,bii_1000_training_esteso,12.000000000012,12.083333333346,45.250000000009,45.333333333342
536:2297,11.458333333346,45.291666666675,train,bii_1000_training_esteso,11.416666666679,11.500000000012,45.250000000009,45.333333333342
539:2281,10.125000000012,45.041666666675,train,bii_1000_training_esteso,10.083333333346,10.166666666679,45.000000000009,45.083333333342
539:2279,9.958333333346,45.041666666675,train,bii_1000_training_esteso,9.916666666679,10.000000000012,45.000000000009,45.083333333342
540:2283,10.291666666679,44.958333333342,train,bii_1000_training_esteso,10.250000000012,10.333333333346,44.916666666675,45.000000000009
540:2279,9.958333333346,44.958333333342,train,bii_1000_training_esteso,9.916666666679,10.000000000012,44.916666666675,45.000000000009
541:2285,10.458333333346,44.875000000009,train,bii_1000_training_esteso,10.416666666679,10.500000000012,44.833333333342,44.916666666675
541:2279,9.958333333346,44.875000000009,train,bii_1000_training_esteso,9.916666666679,10.000000000012,44.833333333342,44.916666666675
542:2286,10.541666666679,44.791666666675,train,bii_1000_training_esteso,10.500000000012,10.583333333346,44.750000000009,44.833333333342
542:2279,9.958333333346,44.791666666675,train,bii_1000_training_esteso,9.916666666679,10.000000000012,44.750000000009,44.833333333342
543:2287,10.625000000012,44.708333333342,train,bii_1000_training_esteso,10.583333333346,10.666666666679,44.666666666675,44.750000000009
543:2279,9.958333333346,44.708333333342,train,bii_1000_training_esteso,9.916666666679,10.000000000012,44.666666666675,44.750000000009
544:2287,10.625000000012,44.625000000009,train,bii_1000_training_esteso,10.583333333346,10.666666666679,44.583333333342,44.666666666675
544:2279,9.958333333346,44.625000000009,train,bii_1000_training_esteso,9.916666666679,10.000000000012,44.583333333342,44.666666666675
545:2288,10.708333333346,44.541666666675,train,bii_1000_training_esteso,10.666666666679,10.750000000012,44.500000000009,44.583333333342
545:2279,9.958333333346,44.541666666675,train,bii_1000_training_esteso,9.916666666679,10.000000000012,44.500000000009,44.583333333342
546:2288,10.708333333346,44.458333333342,train,bii_1000_training_esteso,10.666666666679,10.750000000012,44.416666666675,44.500000000009
546:2279,9.958333333346,44.458333333342,train,bii_1000_training_esteso,9.916666666679,10.000000000012,44.416666666675,44.500000000009
547:2288,10.708333333346,44.375000000009,train,bii_1000_training_esteso,10.666666666679,10.750000000012,44.333333333342,44.416666666675
547:2279,9.958333333346,44.375000000009,train,bii_1000_training_esteso,9.916666666679,10.000000000012,44.333333333342,44.416666666675
548:2288,10.708333333346,44.291666666675,train,bii_1000_training_esteso,10.666666666679,10.750000000012,44.250000000009,44.333333333342
548:2275,9.625000000012,44.291666666675,train,bii_1000_training_esteso,9.583333333346,9.666666666679,44.250000000009,44.333333333342
548:2279,9.958333333346,44.291666666675,train,bii_1000_training_esteso,9.916666666679,10.000000000012,44.250000000009,44.333333333342
549:2279,9.958333333346,44.208333333342,train,bii_1000_training_esteso,9.916666666679,10.000000000012,44.166666666675,44.250000000009
550:2279,9.958333333346,44.125000000009,train,bii_1000_training_esteso,9.916666666679,10.000000000012,44.083333333342,44.166666666675
553:2287,10.625000000012,43.875000000009,train,bii_1000_training_esteso,10.583333333346,10.666666666679,43.833333333342,43.916666666675
554:2286,10.541666666679,43.791666666675,train,bii_1000_training_esteso,10.500000000012,10.583333333346,43.750000000009,43.833333333342
555:2284,10.375000000012,43.708333333342,train,bii_1000_training_esteso,10.333333333346,10.416666666679,43.666666666675,43.750000000009
555:2285,10.458333333346,43.708333333342,train,bii_1000_training_esteso,10.416666666679,10.500000000012,43.666666666675,43.750000000009
547:2274,9.541666666679,44.375000000009,train,bii_1000_training_esteso,9.500000000012,9.583333333346,44.333333333342,44.416666666675
547:2273,9.458333333346,44.375000000009,train,bii_1000_training_esteso,9.416666666679,9.500000000012,44.333333333342,44.416666666675
540:2284,10.375000000012,44.958333333342,train,bii_1000_training_esteso,10.333333333346,10.416666666679,44.916666666675,45.000000000009
539:2282,10.208333333346,45.041666666675,train,bii_1000_training_esteso,10.166666666679,10.250000000012,45.000000000009,45.083333333342
538:2280,10.041666666679,45.125000000009,train,bii_1000_training_esteso,10.000000000012,10.083333333346,45.083333333342,45.166666666675
536:2296,11.375000000012,45.291666666675,train,bii_1000_training_esteso,11.333333333346,11.416666666679,45.250000000009,45.333333333342
535:2294,11.208333333346,45.375000000009,train,bii_1000_training_esteso,11.166666666679,11.250000000012,45.333333333342,45.416666666675
533:2294,11.208333333346,45.541666666675,train,bii_1000_training_esteso,11.166666666679,11.250000000012,45.500000000009,45.583333333342
533:2295,11.291666666679,45.541666666675,train,bii_1000_training_esteso,11.250000000012,11.333333333346,45.500000000009,45.583333333342
525:2294,11.208333333346,46.208333333342,train,bii_1000_training_esteso,11.166666666679,11.250000000012,46.166666666675,46.250000000009
525:2295,11.291666666679,46.208333333342,train,bii_1000_training_esteso,11.250000000012,11.333333333346,46.166666666675,46.250000000009
523:2294,11.208333333346,46.375000000009,train,bii_1000_training_esteso,11.166666666679,11.250000000012,46.333333333342,46.416666666675
523:2295,11.291666666679,46.375000000009,train,bii_1000_training_esteso,11.250000000012,11.333333333346,46.333333333342,46.416666666675
523:2293,11.125000000012,46.375000000009,train,bii_1000_training_esteso,11.083333333346,11.166666666679,46.333333333342,46.416666666675
525:2296,11.375000000012,46.208333333342,train,bii_1000_training_esteso,11.333333333346,11.416666666679,46.166666666675,46.250000000009
523:2296,11.375000000012,46.375000000009,train,bii_1000_training_esteso,11.333333333346,11.416666666679,46.333333333342,46.416666666675
525:2293,11.125000000012,46.208333333342,train,bii_1000_training_esteso,11.083333333346,11.166666666679,46.166666666675,46.250000000009
533:2293,11.125000000012,45.541666666675,train,bii_1000_training_esteso,11.083333333346,11.166666666679,45.500000000009,45.583333333342
535:2293,11.125000000012,45.375000000009,train,bii_1000_training_esteso,11.083333333346,11.166666666679,45.333333333342,45.416666666675
536:2295,11.291666666679,45.291666666675,train,bii_1000_training_esteso,11.250000000012,11.333333333346,45.250000000009,45.333333333342
538:2279,9.958333333346,45.125000000009,train,bii_1000_training_esteso,9.916666666679,10.000000000012,45.083333333342,45.166666666675
538:2281,10.125000000012,45.125000000009,train,bii_1000_training_esteso,10.083333333346,10.166666666679,45.083333333342,45.166666666675
539:2283,10.291666666679,45.041666666675,train,bii_1000_training_esteso,10.250000000012,10.333333333346,45.000000000009,45.083333333342
540:2285,10.458333333346,44.958333333342,train,bii_1000_training_esteso,10.416666666679,10.500000000012,44.916666666675,45.000000000009
541:2286,10.541666666679,44.875000000009,train,bii_1000_training_esteso,10.500000000012,10.583333333346,44.833333333342,44.916666666675
542:2287,10.625000000012,44.791666666675,train,bii_1000_training_esteso,10.583333333346,10.666666666679,44.750000000009,44.833333333342
544:2288,10.708333333346,44.625000000009,train,bii_1000_training_esteso,10.666666666679,10.750000000012,44.583333333342,44.666666666675
547:2275,9.625000000012,44.375000000009,train,bii_1000_training_esteso,9.583333333346,9.666666666679,44.333333333342,44.416666666675
547:2272,9.375000000012,44.375000000009,train,bii_1000_training_esteso,9.333333333345,9.416666666679,44.333333333342,44.416666666675
549:2288,10.708333333346,44.208333333342,train,bii_1000_training_esteso,10.666666666679,10.750000000012,44.166666666675,44.250000000009
549:2275,9.625000000012,44.208333333342,train,bii_1000_training_esteso,9.583333333346,9.666666666679,44.166666666675,44.250000000009
554:2287,10.625000000012,43.791666666675,train,bii_1000_training_esteso,10.583333333346,10.666666666679,43.750000000009,43.833333333342
555:2286,10.541666666679,43.708333333342,train,bii_1000_training_esteso,10.500000000012,10.583333333346,43.666666666675,43.750000000009
556:2284,10.375000000012,43.625000000009,train,bii_1000_training_esteso,10.333333333346,10.416666666679,43.583333333342,43.666666666675
524:2297,11.458333333346,46.291666666675,train,bii_1000_training_esteso,11.416666666679,11.500000000012,46.250000000009,46.333333333342
524:2292,11.041666666679,46.291666666675,train,bii_1000_training_esteso,11.000000000012,11.083333333346,46.250000000009,46.333333333342
534:2292,11.041666666679,45.458333333342,train,bii_1000_training_esteso,11.000000000012,11.083333333346,45.416666666675,45.500000000009
539:2278,9.875000000012,45.041666666675,train,bii_1000_training_esteso,9.833333333346,9.916666666679,45.000000000009,45.083333333342
540:2278,9.875000000012,44.958333333342,train,bii_1000_training_esteso,9.833333333346,9.916666666679,44.916666666675,45.000000000009
541:2278,9.875000000012,44.875000000009,train,bii_1000_training_esteso,9.833333333346,9.916666666679,44.833333333342,44.916666666675
542:2278,9.875000000012,44.791666666675,train,bii_1000_training_esteso,9.833333333346,9.916666666679,44.750000000009,44.833333333342
543:2288,10.708333333346,44.708333333342,train,bii_1000_training_esteso,10.666666666679,10.750000000012,44.666666666675,44.750000000009
543:2278,9.875000000012,44.708333333342,train,bii_1000_training_esteso,9.833333333346,9.916666666679,44.666666666675,44.750000000009
544:2278,9.875000000012,44.625000000009,train,bii_1000_training_esteso,9.833333333346,9.916666666679,44.583333333342,44.666666666675
545:2289,10.791666666679,44.541666666675,train,bii_1000_training_esteso,10.750000000012,10.833333333346,44.500000000009,44.583333333342
545:2278,9.875000000012,44.541666666675,train,bii_1000_training_esteso,9.833333333346,9.916666666679,44.500000000009,44.583333333342
546:2289,10.791666666679,44.458333333342,train,bii_1000_training_esteso,10.750000000012,10.833333333346,44.416666666675,44.500000000009
546:2278,9.875000000012,44.458333333342,train,bii_1000_training_esteso,9.833333333346,9.916666666679,44.416666666675,44.500000000009
547:2289,10.791666666679,44.375000000009,train,bii_1000_training_esteso,10.750000000012,10.833333333346,44.333333333342,44.416666666675
547:2278,9.875000000012,44.375000000009,train,bii_1000_training_esteso,9.833333333346,9.916666666679,44.333333333342,44.416666666675
548:2289,10.791666666679,44.291666666675,train,bii_1000_training_esteso,10.750000000012,10.833333333346,44.250000000009,44.333333333342
548:2276,9.708333333346,44.291666666675,train,bii_1000_training_esteso,9.666666666679,9.750000000012,44.250000000009,44.333333333342
548:2278,9.875000000012,44.291666666675,train,bii_1000_training_esteso,9.833333333346,9.916666666679,44.250000000009,44.333333333342
549:2278,9.875000000012,44.208333333342,train,bii_1000_training_esteso,9.833333333346,9.916666666679,44.166666666675,44.250000000009
550:2278,9.875000000012,44.125000000009,train,bii_1000_training_esteso,9.833333333346,9.916666666679,44.083333333342,44.166666666675
553:2288,10.708333333346,43.875000000009,train,bii_1000_training_esteso,10.666666666679,10.750000000012,43.833333333342,43.916666666675
523:2292,11.041666666679,46.375000000009,train,bii_1000_training_esteso,11.000000000012,11.083333333346,46.333333333342,46.416666666675
523:2297,11.458333333346,46.375000000009,train,bii_1000_training_esteso,11.416666666679,11.500000000012,46.333333333342,46.416666666675
525:2297,11.458333333346,46.208333333342,train,bii_1000_training_esteso,11.416666666679,11.500000000012,46.166666666675,46.250000000009
525:2292,11.041666666679,46.208333333342,train,bii_1000_training_esteso,11.000000000012,11.083333333346,46.166666666675,46.250000000009
533:2292,11.041666666679,45.541666666675,train,bii_1000_training_esteso,11.000000000012,11.083333333346,45.500000000009,45.583333333342
535:2292,11.041666666679,45.375000000009,train,bii_1000_training_esteso,11.000000000012,11.083333333346,45.333333333342,45.416666666675
536:2294,11.208333333346,45.291666666675,train,bii_1000_training_esteso,11.166666666679,11.250000000012,45.250000000009,45.333333333342
537:2296,11.375000000012,45.208333333342,train,bii_1000_training_esteso,11.333333333346,11.416666666679,45.166666666675,45.250000000009
538:2278,9.875000000012,45.125000000009,train,bii_1000_training_esteso,9.833333333346,9.916666666679,45.083333333342,45.166666666675
538:2282,10.208333333346,45.125000000009,train,bii_1000_training_esteso,10.166666666679,10.250000000012,45.083333333342,45.166666666675
539:2284,10.375000000012,45.041666666675,train,bii_1000_training_esteso,10.333333333346,10.416666666679,45.000000000009,45.083333333342
540:2286,10.541666666679,44.958333333342,train,bii_1000_training_esteso,10.500000000012,10.583333333346,44.916666666675,45.000000000009
541:2287,10.625000000012,44.875000000009,train,bii_1000_training_esteso,10.583333333346,10.666666666679,44.833333333342,44.916666666675
542:2288,10.708333333346,44.791666666675,train,bii_1000_training_esteso,10.666666666679,10.750000000012,44.750000000009,44.833333333342
544:2289,10.791666666679,44.625000000009,train,bii_1000_training_esteso,10.750000000012,10.833333333346,44.583333333342,44.666666666675
547:2276,9.708333333346,44.375000000009,train,bii_1000_training_esteso,9.666666666679,9.750000000012,44.333333333342,44.416666666675
547:2271,9.291666666679,44.375000000009,train,bii_1000_training_esteso,9.250000000012,9.333333333345,44.333333333342,44.416666666675
549:2289,10.791666666679,44.208333333342,train,bii_1000_training_esteso,10.750000000012,10.833333333346,44.166666666675,44.250000000009
549:2276,9.708333333346,44.208333333342,train,bii_1000_training_esteso,9.666666666679,9.750000000012,44.166666666675,44.250000000009
552:2288,10.708333333346,43.958333333342,train,bii_1000_training_esteso,10.666666666679,10.750000000012,43.916666666675,44.000000000009
554:2288,10.708333333346,43.791666666675,train,bii_1000_training_esteso,10.666666666679,10.750000000012,43.750000000009,43.833333333342
555:2287,10.625000000012,43.708333333342,train,bii_1000_training_esteso,10.583333333346,10.666666666679,43.666666666675,43.750000000009
556:2285,10.458333333346,43.625000000009,train,bii_1000_training_esteso,10.416666666679,10.500000000012,43.583333333342,43.666666666675
546:2274,9.541666666679,44.458333333342,train,bii_1000_training_esteso,9.500000000012,9.583333333346,44.416666666675,44.500000000009
546:2273,9.458333333346,44.458333333342,train,bii_1000_training_esteso,9.416666666679,9.500000000012,44.416666666675,44.500000000009
537:2280,10.041666666679,45.208333333342,train,bii_1000_training_esteso,10.000000000012,10.083333333346,45.166666666675,45.250000000009
532:2294,11.208333333346,45.625000000009,train,bii_1000_training_esteso,11.166666666679,11.250000000012,45.583333333342,45.666666666675
526:2294,11.208333333346,46.125000000009,train,bii_1000_training_esteso,11.166666666679,11.250000000012,46.083333333342,46.166666666675
526:2295,11.291666666679,46.125000000009,train,bii_1000_training_esteso,11.250000000012,11.333333333346,46.083333333342,46.166666666675
522:2294,11.208333333346,46.458333333342,train,bii_1000_training_esteso,11.166666666679,11.250000000012,46.416666666675,46.500000000009
522:2295,11.291666666679,46.458333333342,train,bii_1000_training_esteso,11.250000000012,11.333333333346,46.416666666675,46.500000000009
524:2298,11.541666666679,46.291666666675,train,bii_1000_training_esteso,11.500000000012,11.583333333346,46.250000000009,46.333333333342
524:2291,10.958333333346,46.291666666675,train,bii_1000_training_esteso,10.916666666679,11.000000000012,46.250000000009,46.333333333342
534:2291,10.958333333346,45.458333333342,train,bii_1000_training_esteso,10.916666666679,11.000000000012,45.416666666675,45.500000000009
522:2293,11.125000000012,46.458333333342,train,bii_1000_training_esteso,11.083333333346,11.166666666679,46.416666666675,46.500000000009
526:2296,11.375000000012,46.125000000009,train,bii_1000_training_esteso,11.333333333346,11.416666666679,46.083333333342,46.166666666675
522:2296,11.375000000012,46.458333333342,train,bii_1000_training_esteso,11.333333333346,11.416666666679,46.416666666675,46.500000000009
526:2293,11.125000000012,46.125000000009,train,bii_1000_training_esteso,11.083333333346,11.166666666679,46.083333333342,46.166666666675
532:2293,11.125000000012,45.625000000009,train,bii_1000_training_esteso,11.083333333346,11.166666666679,45.583333333342,45.666666666675
536:2293,11.125000000012,45.291666666675,train,bii_1000_training_esteso,11.083333333346,11.166666666679,45.250000000009,45.333333333342
537:2279,9.958333333346,45.208333333342,train,bii_1000_training_esteso,9.916666666679,10.000000000012,45.166666666675,45.250000000009
537:2281,10.125000000012,45.208333333342,train,bii_1000_training_esteso,10.083333333346,10.166666666679,45.166666666675,45.250000000009
537:2295,11.291666666679,45.208333333342,train,bii_1000_training_esteso,11.250000000012,11.333333333346,45.166666666675,45.250000000009
538:2283,10.291666666679,45.125000000009,train,bii_1000_training_esteso,10.250000000012,10.333333333346,45.083333333342,45.166666666675
539:2285,10.458333333346,45.041666666675,train,bii_1000_training_esteso,10.416666666679,10.500000000012,45.000000000009,45.083333333342
546:2275,9.625000000012,44.458333333342,train,bii_1000_training_esteso,9.583333333346,9.666666666679,44.416666666675,44.500000000009
546:2272,9.375000000012,44.458333333342,train,bii_1000_training_esteso,9.333333333345,9.416666666679,44.416666666675,44.500000000009
556:2286,10.541666666679,43.625000000009,train,bii_1000_training_esteso,10.500000000012,10.583333333346,43.583333333342,43.666666666675
557:2284,10.375000000012,43.541666666675,train,bii_1000_training_esteso,10.333333333346,10.416666666679,43.500000000009,43.583333333342
539:2277,9.791666666679,45.041666666675,train,bii_1000_training_esteso,9.750000000012,9.833333333346,45.000000000009,45.083333333342
540:2277,9.791666666679,44.958333333342,train,bii_1000_training_esteso,9.750000000012,9.833333333346,44.916666666675,45.000000000009
541:2277,9.791666666679,44.875000000009,train,bii_1000_training_esteso,9.750000000012,9.833333333346,44.833333333342,44.916666666675
542:2277,9.791666666679,44.791666666675,train,bii_1000_training_esteso,9.750000000012,9.833333333346,44.750000000009,44.833333333342
543:2289,10.791666666679,44.708333333342,train,bii_1000_training_esteso,10.750000000012,10.833333333346,44.666666666675,44.750000000009
543:2277,9.791666666679,44.708333333342,train,bii_1000_training_esteso,9.750000000012,9.833333333346,44.666666666675,44.750000000009
544:2277,9.791666666679,44.625000000009,train,bii_1000_training_esteso,9.750000000012,9.833333333346,44.583333333342,44.666666666675
545:2290,10.875000000012,44.541666666675,train,bii_1000_training_esteso,10.833333333346,10.916666666679,44.500000000009,44.583333333342
545:2277,9.791666666679,44.541666666675,train,bii_1000_training_esteso,9.750000000012,9.833333333346,44.500000000009,44.583333333342
546:2290,10.875000000012,44.458333333342,train,bii_1000_training_esteso,10.833333333346,10.916666666679,44.416666666675,44.500000000009
546:2277,9.791666666679,44.458333333342,train,bii_1000_training_esteso,9.750000000012,9.833333333346,44.416666666675,44.500000000009
547:2290,10.875000000012,44.375000000009,train,bii_1000_training_esteso,10.833333333346,10.916666666679,44.333333333342,44.416666666675
547:2277,9.791666666679,44.375000000009,train,bii_1000_training_esteso,9.750000000012,9.833333333346,44.333333333342,44.416666666675
548:2290,10.875000000012,44.291666666675,train,bii_1000_training_esteso,10.833333333346,10.916666666679,44.250000000009,44.333333333342
548:2277,9.791666666679,44.291666666675,train,bii_1000_training_esteso,9.750000000012,9.833333333346,44.250000000009,44.333333333342
549:2277,9.791666666679,44.208333333342,train,bii_1000_training_esteso,9.750000000012,9.833333333346,44.166666666675,44.250000000009
550:2277,9.791666666679,44.125000000009,train,bii_1000_training_esteso,9.750000000012,9.833333333346,44.083333333342,44.166666666675
553:2289,10.791666666679,43.875000000009,train,bii_1000_training_esteso,10.750000000012,10.833333333346,43.833333333342,43.916666666675
523:2291,10.958333333346,46.375000000009,train,bii_1000_training_esteso,10.916666666679,11.000000000012,46.333333333342,46.416666666675
523:2298,11.541666666679,46.375000000009,train,bii_1000_training_esteso,11.500000000012,11.583333333346,46.333333333342,46.416666666675
525:2298,11.541666666679,46.208333333342,train,bii_1000_training_esteso,11.500000000012,11.583333333346,46.166666666675,46.250000000009
525:2291,10.958333333346,46.208333333342,train,bii_1000_training_esteso,10.916666666679,11.000000000012,46.166666666675,46.250000000009
533:2291,10.958333333346,45.541666666675,train,bii_1000_training_esteso,10.916666666679,11.000000000012,45.500000000009,45.583333333342
535:2291,10.958333333346,45.375000000009,train,bii_1000_training_esteso,10.916666666679,11.000000000012,45.333333333342,45.416666666675
538:2277,9.791666666679,45.125000000009,train,bii_1000_training_esteso,9.750000000012,9.833333333346,45.083333333342,45.166666666675
540:2287,10.625000000012,44.958333333342,train,bii_1000_training_esteso,10.583333333346,10.666666666679,44.916666666675,45.000000000009
541:2288,10.708333333346,44.875000000009,train,bii_1000_training_esteso,10.666666666679,10.750000000012,44.833333333342,44.916666666675
542:2289,10.791666666679,44.791666666675,train,bii_1000_training_esteso,10.750000000012,10.833333333346,44.750000000009,44.833333333342
544:2290,10.875000000012,44.625000000009,train,bii_1000_training_esteso,10.833333333346,10.916666666679,44.583333333342,44.666666666675
547:2270,9.208333333345,44.375000000009,train,bii_1000_training_esteso,9.166666666679,9.250000000012,44.333333333342,44.416666666675
549:2290,10.875000000012,44.208333333342,train,bii_1000_training_esteso,10.833333333346,10.916666666679,44.166666666675,44.250000000009
552:2289,10.791666666679,43.958333333342,train,bii_1000_training_esteso,10.750000000012,10.833333333346,43.916666666675,44.000000000009
554:2289,10.791666666679,43.791666666675,train,bii_1000_training_esteso,10.750000000012,10.833333333346,43.750000000009,43.833333333342
555:2288,10.708333333346,43.708333333342,train,bii_1000_training_esteso,10.666666666679,10.750000000012,43.666666666675,43.750000000009
522:2292,11.041666666679,46.458333333342,train,bii_1000_training_esteso,11.000000000012,11.083333333346,46.416666666675,46.500000000009
522:2297,11.458333333346,46.458333333342,train,bii_1000_training_esteso,11.416666666679,11.500000000012,46.416666666675,46.500000000009
526:2297,11.458333333346,46.125000000009,train,bii_1000_training_esteso,11.416666666679,11.500000000012,46.083333333342,46.166666666675
526:2292,11.041666666679,46.125000000009,train,bii_1000_training_esteso,11.000000000012,11.083333333346,46.083333333342,46.166666666675
532:2292,11.041666666679,45.625000000009,train,bii_1000_training_esteso,11.000000000012,11.083333333346,45.583333333342,45.666666666675
536:2292,11.041666666679,45.291666666675,train,bii_1000_training_esteso,11.000000000012,11.083333333346,45.250000000009,45.333333333342
537:2294,11.208333333346,45.208333333342,train,bii_1000_training_esteso,11.166666666679,11.250000000012,45.166666666675,45.250000000009
537:2278,9.875000000012,45.208333333342,train,bii_1000_training_esteso,9.833333333346,9.916666666679,45.166666666675,45.250000000009
537:2282,10.208333333346,45.208333333342,train,bii_1000_training_esteso,10.166666666679,10.250000000012,45.166666666675,45.250000000009
538:2284,10.375000000012,45.125000000009,train,bii_1000_training_esteso,10.333333333346,10.416666666679,45.083333333342,45.166666666675
539:2286,10.541666666679,45.041666666675,train,bii_1000_training_esteso,10.500000000012,10.583333333346,45.000000000009,45.083333333342
546:2276,9.708333333346,44.458333333342,train,bii_1000_training_esteso,9.666666666679,9.750000000012,44.416666666675,44.500000000009
546:2271,9.291666666679,44.458333333342,train,bii_1000_training_esteso,9.250000000012,9.333333333345,44.416666666675,44.500000000009
550:2289,10.791666666679,44.125000000009,train,bii_1000_training_esteso,10.750000000012,10.833333333346,44.083333333342,44.166666666675
556:2287,10.625000000012,43.625000000009,train,bii_1000_training_esteso,10.583333333346,10.666666666679,43.583333333342,43.666666666675
557:2285,10.458333333346,43.541666666675,train,bii_1000_training_esteso,10.416666666679,10.500000000012,43.500000000009,43.583333333342
524:2299,11.625000000012,46.291666666675,train,bii_1000_training_esteso,11.583333333346,11.666666666679,46.250000000009,46.333333333342
524:2290,10.875000000012,46.291666666675,train,bii_1000_training_esteso,10.833333333346,10.916666666679,46.250000000009,46.333333333342
534:2290,10.875000000012,45.458333333342,train,bii_1000_training_esteso,10.833333333346,10.916666666679,45.416666666675,45.500000000009
539:2276,9.708333333346,45.041666666675,train,bii_1000_training_esteso,9.666666666679,9.750000000012,45.000000000009,45.083333333342
540:2276,9.708333333346,44.958333333342,train,bii_1000_training_esteso,9.666666666679,9.750000000012,44.916666666675,45.000000000009
541:2276,9.708333333346,44.875000000009,train,bii_1000_training_esteso,9.666666666679,9.750000000012,44.833333333342,44.916666666675
542:2276,9.708333333346,44.791666666675,train,bii_1000_training_esteso,9.666666666679,9.750000000012,44.750000000009,44.833333333342
543:2290,10.875000000012,44.708333333342,train,bii_1000_training_esteso,10.833333333346,10.916666666679,44.666666666675,44.750000000009
543:2276,9.708333333346,44.708333333342,train,bii_1000_training_esteso,9.666666666679,9.750000000012,44.666666666675,44.750000000009
544:2276,9.708333333346,44.625000000009,train,bii_1000_training_esteso,9.666666666679,9.750000000012,44.583333333342,44.666666666675
545:2291,10.958333333346,44.541666666675,train,bii_1000_training_esteso,10.916666666679,11.000000000012,44.500000000009,44.583333333342
545:2276,9.708333333346,44.541666666675,train,bii_1000_training_esteso,9.666666666679,9.750000000012,44.500000000009,44.583333333342
546:2291,10.958333333346,44.458333333342,train,bii_1000_training_esteso,10.916666666679,11.000000000012,44.416666666675,44.500000000009
547:2291,10.958333333346,44.375000000009,train,bii_1000_training_esteso,10.916666666679,11.000000000012,44.333333333342,44.416666666675
548:2291,10.958333333346,44.291666666675,train,bii_1000_training_esteso,10.916666666679,11.000000000012,44.250000000009,44.333333333342
522:2291,10.958333333346,46.458333333342,train,bii_1000_training_esteso,10.916666666679,11.000000000012,46.416666666675,46.500000000009
522:2298,11.541666666679,46.458333333342,train,bii_1000_training_esteso,11.500000000012,11.583333333346,46.416666666675,46.500000000009
526:2298,11.541666666679,46.125000000009,train,bii_1000_training_esteso,11.500000000012,11.583333333346,46.083333333342,46.166666666675
526:2291,10.958333333346,46.125000000009,train,bii_1000_training_esteso,10.916666666679,11.000000000012,46.083333333342,46.166666666675
553:2290,10.875000000012,43.875000000009,train,bii_1000_training_esteso,10.833333333346,10.916666666679,43.833333333342,43.916666666675
532:2291,10.958333333346,45.625000000009,train,bii_1000_training_esteso,10.916666666679,11.000000000012,45.583333333342,45.666666666675
536:2291,10.958333333346,45.291666666675,train,bii_1000_training_esteso,10.916666666679,11.000000000012,45.250000000009,45.333333333342
537:2293,11.125000000012,45.208333333342,train,bii_1000_training_esteso,11.083333333346,11.166666666679,45.166666666675,45.250000000009
538:2295,11.291666666679,45.125000000009,train,bii_1000_training_esteso,11.250000000012,11.333333333346,45.083333333342,45.166666666675
537:2277,9.791666666679,45.208333333342,train,bii_1000_training_esteso,9.750000000012,9.833333333346,45.166666666675,45.250000000009
537:2283,10.291666666679,45.208333333342,train,bii_1000_training_esteso,10.250000000012,10.333333333346,45.166666666675,45.250000000009
538:2285,10.458333333346,45.125000000009,train,bii_1000_training_esteso,10.416666666679,10.500000000012,45.083333333342,45.166666666675
539:2287,10.625000000012,45.041666666675,train,bii_1000_training_esteso,10.583333333346,10.666666666679,45.000000000009,45.083333333342
540:2288,10.708333333346,44.958333333342,train,bii_1000_training_esteso,10.666666666679,10.750000000012,44.916666666675,45.000000000009
541:2289,10.791666666679,44.875000000009,train,bii_1000_training_esteso,10.750000000012,10.833333333346,44.833333333342,44.916666666675
546:2270,9.208333333345,44.458333333342,train,bii_1000_training_esteso,9.166666666679,9.250000000012,44.416666666675,44.500000000009
550:2290,10.875000000012,44.125000000009,train,bii_1000_training_esteso,10.833333333346,10.916666666679,44.083333333342,44.166666666675
523:2290,10.875000000012,46.375000000009,train,bii_1000_training_esteso,10.833333333346,10.916666666679,46.333333333342,46.416666666675
523:2299,11.625000000012,46.375000000009,train,bii_1000_training_esteso,11.583333333346,11.666666666679,46.333333333342,46.416666666675
551:2289,10.791666666679,44.041666666675,train,bii_1000_training_esteso,10.750000000012,10.833333333346,44.000000000009,44.083333333342
525:2299,11.625000000012,46.208333333342,train,bii_1000_training_esteso,11.583333333346,11.666666666679,46.166666666675,46.250000000009
555:2289,10.791666666679,43.708333333342,train,bii_1000_training_esteso,10.750000000012,10.833333333346,43.666666666675,43.750000000009
525:2290,10.875000000012,46.208333333342,train,bii_1000_training_esteso,10.833333333346,10.916666666679,46.166666666675,46.250000000009
556:2288,10.708333333346,43.625000000009,train,bii_1000_training_esteso,10.666666666679,10.750000000012,43.583333333342,43.666666666675
557:2286,10.541666666679,43.541666666675,train,bii_1000_training_esteso,10.500000000012,10.583333333346,43.500000000009,43.583333333342
533:2290,10.875000000012,45.541666666675,train,bii_1000_training_esteso,10.833333333346,10.916666666679,45.500000000009,45.583333333342
545:2274,9.541666666679,44.541666666675,train,bii_1000_training_esteso,9.500000000012,9.583333333346,44.500000000009,44.583333333342
545:2273,9.458333333346,44.541666666675,train,bii_1000_training_esteso,9.416666666679,9.500000000012,44.500000000009,44.583333333342
535:2290,10.875000000012,45.375000000009,train,bii_1000_training_esteso,10.833333333346,10.916666666679,45.333333333342,45.416666666675
536:2280,10.041666666679,45.291666666675,train,bii_1000_training_esteso,10.000000000012,10.083333333346,45.250000000009,45.333333333342
531:2294,11.208333333346,45.708333333342,train,bii_1000_training_esteso,11.166666666679,11.250000000012,45.666666666675,45.750000000009
531:2295,11.291666666679,45.708333333342,train,bii_1000_training_esteso,11.250000000012,11.333333333346,45.666666666675,45.750000000009
527:2294,11.208333333346,46.041666666675,train,bii_1000_training_esteso,11.166666666679,11.250000000012,46.000000000009,46.083333333342
527:2295,11.291666666679,46.041666666675,train,bii_1000_training_esteso,11.250000000012,11.333333333346,46.000000000009,46.083333333342
538:2276,9.708333333346,45.125000000009,train,bii_1000_training_esteso,9.666666666679,9.750000000012,45.083333333342,45.166666666675
542:2290,10.875000000012,44.791666666675,train,bii_1000_training_esteso,10.833333333346,10.916666666679,44.750000000009,44.833333333342
544:2291,10.958333333346,44.625000000009,train,bii_1000_training_esteso,10.916666666679,11.000000000012,44.583333333342,44.666666666675
547:2269,9.125000000012,44.375000000009,train,bii_1000_training_esteso,9.083333333345,9.166666666679,44.333333333342,44.416666666675
549:2291,10.958333333346,44.208333333342,train,bii_1000_training_esteso,10.916666666679,11.000000000012,44.166666666675,44.250000000009
552:2290,10.875000000012,43.958333333342,train,bii_1000_training_esteso,10.833333333346,10.916666666679,43.916666666675,44.000000000009
554:2290,10.875000000012,43.791666666675,train,bii_1000_training_esteso,10.833333333346,10.916666666679,43.750000000009,43.833333333342
527:2296,11.375000000012,46.041666666675,train,bii_1000_training_esteso,11.333333333346,11.416666666679,46.000000000009,46.083333333342
531:2293,11.125000000012,45.708333333342,train,bii_1000_training_esteso,11.083333333346,11.166666666679,45.666666666675,45.750000000009
527:2293,11.125000000012,46.041666666675,train,bii_1000_training_esteso,11.083333333346,11.166666666679,46.000000000009,46.083333333342
536:2279,9.958333333346,45.291666666675,train,bii_1000_training_esteso,9.916666666679,10.000000000012,45.250000000009,45.333333333342
536:2281,10.125000000012,45.291666666675,train,bii_1000_training_esteso,10.083333333346,10.166666666679,45.250000000009,45.333333333342
545:2275,9.625000000012,44.541666666675,train,bii_1000_training_esteso,9.583333333346,9.666666666679,44.500000000009,44.583333333342
545:2272,9.375000000012,44.541666666675,train,bii_1000_training_esteso,9.333333333345,9.416666666679,44.500000000009,44.583333333342
527:2297,11.458333333346,46.041666666675,train,bii_1000_training_esteso,11.416666666679,11.500000000012,46.000000000009,46.083333333342
527:2292,11.041666666679,46.041666666675,train,bii_1000_training_esteso,11.000000000012,11.083333333346,46.000000000009,46.083333333342
531:2292,11.041666666679,45.708333333342,train,bii_1000_training_esteso,11.000000000012,11.083333333346,45.666666666675,45.750000000009
537:2292,11.041666666679,45.208333333342,train,bii_1000_training_esteso,11.000000000012,11.083333333346,45.166666666675,45.250000000009
536:2278,9.875000000012,45.291666666675,train,bii_1000_training_esteso,9.833333333346,9.916666666679,45.250000000009,45.333333333342
536:2282,10.208333333346,45.291666666675,train,bii_1000_training_esteso,10.166666666679,10.250000000012,45.250000000009,45.333333333342
538:2294,11.208333333346,45.125000000009,train,bii_1000_training_esteso,11.166666666679,11.250000000012,45.083333333342,45.166666666675
537:2284,10.375000000012,45.208333333342,train,bii_1000_training_esteso,10.333333333346,10.416666666679,45.166666666675,45.250000000009
539:2296,11.375000000012,45.041666666675,train,bii_1000_training_esteso,11.333333333346,11.416666666679,45.000000000009,45.083333333342
538:2286,10.541666666679,45.125000000009,train,bii_1000_training_esteso,10.500000000012,10.583333333346,45.083333333342,45.166666666675
545:2271,9.291666666679,44.541666666675,train,bii_1000_training_esteso,9.250000000012,9.333333333345,44.500000000009,44.583333333342
557:2287,10.625000000012,43.541666666675,train,bii_1000_training_esteso,10.583333333346,10.666666666679,43.500000000009,43.583333333342
522:2290,10.875000000012,46.458333333342,train,bii_1000_training_esteso,10.833333333346,10.916666666679,46.416666666675,46.500000000009
522:2299,11.625000000012,46.458333333342,train,bii_1000_training_esteso,11.583333333346,11.666666666679,46.416666666675,46.500000000009
524:2300,11.708333333346,46.291666666675,train,bii_1000_training_esteso,11.666666666679,11.750000000012,46.250000000009,46.333333333342
526:2290,10.875000000012,46.125000000009,train,bii_1000_training_esteso,10.833333333346,10.916666666679,46.083333333342,46.166666666675
532:2290,10.875000000012,45.625000000009,train,bii_1000_training_esteso,10.833333333346,10.916666666679,45.583333333342,45.666666666675
536:2290,10.875000000012,45.291666666675,train,bii_1000_training_esteso,10.833333333346,10.916666666679,45.250000000009,45.333333333342
537:2276,9.708333333346,45.208333333342,train,bii_1000_training_esteso,9.666666666679,9.750000000012,45.166666666675,45.250000000009
524:2289,10.791666666679,46.291666666675,train,bii_1000_training_esteso,10.750000000012,10.833333333346,46.250000000009,46.333333333342
539:2288,10.708333333346,45.041666666675,train,bii_1000_training_esteso,10.666666666679,10.750000000012,45.000000000009,45.083333333342
540:2289,10.791666666679,44.958333333342,train,bii_1000_training_esteso,10.750000000012,10.833333333346,44.916666666675,45.000000000009
541:2290,10.875000000012,44.875000000009,train,bii_1000_training_esteso,10.833333333346,10.916666666679,44.833333333342,44.916666666675
543:2291,10.958333333346,44.708333333342,train,bii_1000_training_esteso,10.916666666679,11.000000000012,44.666666666675,44.750000000009
546:2269,9.125000000012,44.458333333342,train,bii_1000_training_esteso,9.083333333345,9.166666666679,44.416666666675,44.500000000009
550:2291,10.958333333346,44.125000000009,train,bii_1000_training_esteso,10.916666666679,11.000000000012,44.083333333342,44.166666666675
551:2290,10.875000000012,44.041666666675,train,bii_1000_training_esteso,10.833333333346,10.916666666679,44.000000000009,44.083333333342
555:2290,10.875000000012,43.708333333342,train,bii_1000_training_esteso,10.833333333346,10.916666666679,43.666666666675,43.750000000009
534:2289,10.791666666679,45.458333333342,train,bii_1000_training_esteso,10.750000000012,10.833333333346,45.416666666675,45.500000000009
556:2289,10.791666666679,43.625000000009,train,bii_1000_training_esteso,10.750000000012,10.833333333346,43.583333333342,43.666666666675
539:2275,9.625000000012,45.041666666675,train,bii_1000_training_esteso,9.583333333346,9.666666666679,45.000000000009,45.083333333342
540:2275,9.625000000012,44.958333333342,train,bii_1000_training_esteso,9.583333333346,9.666666666679,44.916666666675,45.000000000009
541:2275,9.625000000012,44.875000000009,train,bii_1000_training_esteso,9.583333333346,9.666666666679,44.833333333342,44.916666666675
542:2275,9.625000000012,44.791666666675,train,bii_1000_training_esteso,9.583333333346,9.666666666679,44.750000000009,44.833333333342
543:2275,9.625000000012,44.708333333342,train,bii_1000_training_esteso,9.583333333346,9.666666666679,44.666666666675,44.750000000009
544:2275,9.625000000012,44.625000000009,train,bii_1000_training_esteso,9.583333333346,9.666666666679,44.583333333342,44.666666666675
545:2292,11.041666666679,44.541666666675,train,bii_1000_training_esteso,11.000000000012,11.083333333346,44.500000000009,44.583333333342
546:2292,11.041666666679,44.458333333342,train,bii_1000_training_esteso,11.000000000012,11.083333333346,44.416666666675,44.500000000009
547:2292,11.041666666679,44.375000000009,train,bii_1000_training_esteso,11.000000000012,11.083333333346,44.333333333342,44.416666666675
548:2292,11.041666666679,44.291666666675,train,bii_1000_training_esteso,11.000000000012,11.083333333346,44.250000000009,44.333333333342
523:2289,10.791666666679,46.375000000009,train,bii_1000_training_esteso,10.750000000012,10.833333333346,46.333333333342,46.416666666675
523:2300,11.708333333346,46.375000000009,train,bii_1000_training_esteso,11.666666666679,11.750000000012,46.333333333342,46.416666666675
525:2289,10.791666666679,46.208333333342,train,bii_1000_training_esteso,10.750000000012,10.833333333346,46.166666666675,46.250000000009
553:2291,10.958333333346,43.875000000009,train,bii_1000_training_esteso,10.916666666679,11.000000000012,43.833333333342,43.916666666675
523:2301,11.791666666679,46.375000000009,train,bii_1000_training_esteso,11.750000000012,11.833333333346,46.333333333342,46.416666666675
527:2291,10.958333333346,46.041666666675,train,bii_1000_training_esteso,10.916666666679,11.000000000012,46.000000000009,46.083333333342
533:2289,10.791666666679,45.541666666675,train,bii_1000_training_esteso,10.750000000012,10.833333333346,45.500000000009,45.583333333342
531:2291,10.958333333346,45.708333333342,train,bii_1000_training_esteso,10.916666666679,11.000000000012,45.666666666675,45.750000000009
535:2289,10.791666666679,45.375000000009,train,bii_1000_training_esteso,10.750000000012,10.833333333346,45.333333333342,45.416666666675
537:2291,10.958333333346,45.208333333342,train,bii_1000_training_esteso,10.916666666679,11.000000000012,45.166666666675,45.250000000009
538:2293,11.125000000012,45.125000000009,train,bii_1000_training_esteso,11.083333333346,11.166666666679,45.083333333342,45.166666666675
536:2277,9.791666666679,45.291666666675,train,bii_1000_training_esteso,9.750000000012,9.833333333346,45.250000000009,45.333333333342
536:2283,10.291666666679,45.291666666675,train,bii_1000_training_esteso,10.250000000012,10.333333333346,45.250000000009,45.333333333342
539:2295,11.291666666679,45.041666666675,train,bii_1000_training_esteso,11.250000000012,11.333333333346,45.000000000009,45.083333333342
537:2285,10.458333333346,45.208333333342,train,bii_1000_training_esteso,10.416666666679,10.500000000012,45.166666666675,45.250000000009
538:2287,10.625000000012,45.125000000009,train,bii_1000_training_esteso,10.583333333346,10.666666666679,45.083333333342,45.166666666675
538:2275,9.625000000012,45.125000000009,train,bii_1000_training_esteso,9.583333333346,9.666666666679,45.083333333342,45.166666666675
545:2270,9.208333333345,44.541666666675,train,bii_1000_training_esteso,9.166666666679,9.250000000012,44.500000000009,44.583333333342
557:2288,10.708333333346,43.541666666675,train,bii_1000_training_esteso,10.666666666679,10.750000000012,43.500000000009,43.583333333342
542:2291,10.958333333346,44.791666666675,train,bii_1000_training_esteso,10.916666666679,11.000000000012,44.750000000009,44.833333333342
544:2292,11.041666666679,44.625000000009,train,bii_1000_training_esteso,11.000000000012,11.083333333346,44.583333333342,44.666666666675
549:2292,11.041666666679,44.208333333342,train,bii_1000_training_esteso,11.000000000012,11.083333333346,44.166666666675,44.250000000009
552:2291,10.958333333346,43.958333333342,train,bii_1000_training_esteso,10.916666666679,11.000000000012,43.916666666675,44.000000000009
554:2291,10.958333333346,43.791666666675,train,bii_1000_training_esteso,10.916666666679,11.000000000012,43.750000000009,43.833333333342
544:2274,9.541666666679,44.625000000009,train,bii_1000_training_esteso,9.500000000012,9.583333333346,44.583333333342,44.666666666675
544:2273,9.458333333346,44.625000000009,train,bii_1000_training_esteso,9.416666666679,9.500000000012,44.583333333342,44.666666666675
535:2280,10.041666666679,45.375000000009,train,bii_1000_training_esteso,10.000000000012,10.083333333346,45.333333333342,45.416666666675
530:2294,11.208333333346,45.791666666675,train,bii_1000_training_esteso,11.166666666679,11.250000000012,45.750000000009,45.833333333342
530:2295,11.291666666679,45.791666666675,train,bii_1000_training_esteso,11.250000000012,11.333333333346,45.750000000009,45.833333333342
528:2294,11.208333333346,45.958333333342,train,bii_1000_training_esteso,11.166666666679,11.250000000012,45.916666666675,46.000000000009
528:2295,11.291666666679,45.958333333342,train,bii_1000_training_esteso,11.250000000012,11.333333333346,45.916666666675,46.000000000009
522:2289,10.791666666679,46.458333333342,train,bii_1000_training_esteso,10.750000000012,10.833333333346,46.416666666675,46.500000000009
522:2300,11.708333333346,46.458333333342,train,bii_1000_training_esteso,11.666666666679,11.750000000012,46.416666666675,46.500000000009
526:2289,10.791666666679,46.125000000009,train,bii_1000_training_esteso,10.750000000012,10.833333333346,46.083333333342,46.166666666675
532:2289,10.791666666679,45.625000000009,train,bii_1000_training_esteso,10.750000000012,10.833333333346,45.583333333342,45.666666666675
530:2293,11.125000000012,45.791666666675,train,bii_1000_training_esteso,11.083333333346,11.166666666679,45.750000000009,45.833333333342
522:2303,11.958333333346,46.458333333342,train,bii_1000_training_esteso,11.916666666679,12.000000000012,46.416666666675,46.500000000009
528:2296,11.375000000012,45.958333333342,train,bii_1000_training_esteso,11.333333333346,11.416666666679,45.916666666675,46.000000000009
544:2272,9.375000000012,44.625000000009,train,bii_1000_training_esteso,9.333333333345,9.416666666679,44.583333333342,44.666666666675
535:2279,9.958333333346,45.375000000009,train,bii_1000_training_esteso,9.916666666679,10.000000000012,45.333333333342,45.416666666675
535:2281,10.125000000012,45.375000000009,train,bii_1000_training_esteso,10.083333333346,10.166666666679,45.333333333342,45.416666666675
536:2289,10.791666666679,45.291666666675,train,bii_1000_training_esteso,10.750000000012,10.833333333346,45.250000000009,45.333333333342
540:2297,11.458333333346,44.958333333342,train,bii_1000_training_esteso,11.416666666679,11.500000000012,44.916666666675,45.000000000009
528:2293,11.125000000012,45.958333333342,train,bii_1000_training_esteso,11.083333333346,11.166666666679,45.916666666675,46.000000000009
537:2275,9.625000000012,45.208333333342,train,bii_1000_training_esteso,9.583333333346,9.666666666679,45.166666666675,45.250000000009
539:2289,10.791666666679,45.041666666675,train,bii_1000_training_esteso,10.750000000012,10.833333333346,45.000000000009,45.083333333342
540:2290,10.875000000012,44.958333333342,train,bii_1000_training_esteso,10.833333333346,10.916666666679,44.916666666675,45.000000000009
541:2291,10.958333333346,44.875000000009,train,bii_1000_training_esteso,10.916666666679,11.000000000012,44.833333333342,44.916666666675
527:2290,10.875000000012,46.041666666675,train,bii_1000_training_esteso,10.833333333346,10.916666666679,46.000000000009,46.083333333342
543:2292,11.041666666679,44.708333333342,train,bii_1000_training_esteso,11.000000000012,11.083333333346,44.666666666675,44.750000000009
531:2290,10.875000000012,45.708333333342,train,bii_1000_training_esteso,10.833333333346,10.916666666679,45.666666666675,45.750000000009
546:2268,9.041666666679,44.458333333342,train,bii_1000_training_esteso,9.000000000012,9.083333333345,44.416666666675,44.500000000009
550:2292,11.041666666679,44.125000000009,train,bii_1000_training_esteso,11.000000000012,11.083333333346,44.083333333342,44.166666666675
537:2290,10.875000000012,45.208333333342,train,bii_1000_training_esteso,10.833333333346,10.916666666679,45.166666666675,45.250000000009
538:2292,11.041666666679,45.125000000009,train,bii_1000_training_esteso,11.000000000012,11.083333333346,45.083333333342,45.166666666675
536:2276,9.708333333346,45.291666666675,train,bii_1000_training_esteso,9.666666666679,9.750000000012,45.250000000009,45.333333333342
536:2284,10.375000000012,45.291666666675,train,bii_1000_training_esteso,10.333333333346,10.416666666679,45.250000000009,45.333333333342
539:2294,11.208333333346,45.041666666675,train,bii_1000_training_esteso,11.166666666679,11.250000000012,45.000000000009,45.083333333342
537:2286,10.541666666679,45.208333333342,train,bii_1000_training_esteso,10.500000000012,10.583333333346,45.166666666675,45.250000000009
538:2288,10.708333333346,45.125000000009,train,bii_1000_training_esteso,10.666666666679,10.750000000012,45.083333333342,45.166666666675
551:2291,10.958333333346,44.041666666675,train,bii_1000_training_esteso,10.916666666679,11.000000000012,44.000000000009,44.083333333342
555:2291,10.958333333346,43.708333333342,train,bii_1000_training_esteso,10.916666666679,11.000000000012,43.666666666675,43.750000000009
556:2290,10.875000000012,43.625000000009,train,bii_1000_training_esteso,10.833333333346,10.916666666679,43.583333333342,43.666666666675
545:2269,9.125000000012,44.541666666675,train,bii_1000_training_esteso,9.083333333345,9.166666666679,44.500000000009,44.583333333342
524:2288,10.708333333346,46.291666666675,train,bii_1000_training_esteso,10.666666666679,10.750000000012,46.250000000009,46.333333333342
557:2289,10.791666666679,43.541666666675,train,bii_1000_training_esteso,10.750000000012,10.833333333346,43.500000000009,43.583333333342
534:2288,10.708333333346,45.458333333342,train,bii_1000_training_esteso,10.666666666679,10.750000000012,45.416666666675,45.500000000009
522:2302,11.875000000012,46.458333333342,train,bii_1000_training_esteso,11.833333333346,11.916666666679,46.416666666675,46.500000000009
528:2292,11.041666666679,45.958333333342,train,bii_1000_training_esteso,11.000000000012,11.083333333346,45.916666666675,46.000000000009
530:2292,11.041666666679,45.791666666675,train,bii_1000_training_esteso,11.000000000012,11.083333333346,45.750000000009,45.833333333342
535:2278,9.875000000012,45.375000000009,train,bii_1000_training_esteso,9.833333333346,9.916666666679,45.333333333342,45.416666666675
535:2282,10.208333333346,45.375000000009,train,bii_1000_training_esteso,10.166666666679,10.250000000012,45.333333333342,45.416666666675
540:2296,11.375000000012,44.958333333342,train,bii_1000_training_esteso,11.333333333346,11.416666666679,44.916666666675,45.000000000009
544:2271,9.291666666679,44.625000000009,train,bii_1000_training_esteso,9.250000000012,9.333333333345,44.583333333342,44.666666666675
539:2274,9.541666666679,45.041666666675,train,bii_1000_training_esteso,9.500000000012,9.583333333346,45.000000000009,45.083333333342
540:2274,9.541666666679,44.958333333342,train,bii_1000_training_esteso,9.500000000012,9.583333333346,44.916666666675,45.000000000009
541:2274,9.541666666679,44.875000000009,train,bii_1000_training_esteso,9.500000000012,9.583333333346,44.833333333342,44.916666666675
523:2288,10.708333333346,46.375000000009,train,bii_1000_training_esteso,10.666666666679,10.750000000012,46.333333333342,46.416666666675
542:2274,9.541666666679,44.791666666675,train,bii_1000_training_esteso,9.500000000012,9.583333333346,44.750000000009,44.833333333342
543:2274,9.541666666679,44.708333333342,train,bii_1000_training_esteso,9.500000000012,9.583333333346,44.666666666675,44.750000000009
525:2288,10.708333333346,46.208333333342,train,bii_1000_training_esteso,10.666666666679,10.750000000012,46.166666666675,46.250000000009
547:2293,11.125000000012,44.375000000009,train,bii_1000_training_esteso,11.083333333346,11.166666666679,44.333333333342,44.416666666675
548:2293,11.125000000012,44.291666666675,train,bii_1000_training_esteso,11.083333333346,11.166666666679,44.250000000009,44.333333333342
533:2288,10.708333333346,45.541666666675,train,bii_1000_training_esteso,10.666666666679,10.750000000012,45.500000000009,45.583333333342
535:2288,10.708333333346,45.375000000009,train,bii_1000_training_esteso,10.666666666679,10.750000000012,45.333333333342,45.416666666675
553:2292,11.041666666679,43.875000000009,train,bii_1000_training_esteso,11.000000000012,11.083333333346,43.833333333342,43.916666666675
538:2274,9.541666666679,45.125000000009,train,bii_1000_training_esteso,9.500000000012,9.583333333346,45.083333333342,45.166666666675
542:2292,11.041666666679,44.791666666675,train,bii_1000_training_esteso,11.000000000012,11.083333333346,44.750000000009,44.833333333342
544:2293,11.125000000012,44.625000000009,train,bii_1000_training_esteso,11.083333333346,11.166666666679,44.583333333342,44.666666666675
549:2293,11.125000000012,44.208333333342,train,bii_1000_training_esteso,11.083333333346,11.166666666679,44.166666666675,44.250000000009
552:2292,11.041666666679,43.958333333342,train,bii_1000_training_esteso,11.000000000012,11.083333333346,43.916666666675,44.000000000009
554:2292,11.041666666679,43.791666666675,train,bii_1000_training_esteso,11.000000000012,11.083333333346,43.750000000009,43.833333333342
522:2301,11.791666666679,46.458333333342,train,bii_1000_training_esteso,11.750000000012,11.833333333346,46.416666666675,46.500000000009
528:2291,10.958333333346,45.958333333342,train,bii_1000_training_esteso,10.916666666679,11.000000000012,45.916666666675,46.000000000009
530:2291,10.958333333346,45.791666666675,train,bii_1000_training_esteso,10.916666666679,11.000000000012,45.750000000009,45.833333333342
538:2291,10.958333333346,45.125000000009,train,bii_1000_training_esteso,10.916666666679,11.000000000012,45.083333333342,45.166666666675
535:2277,9.791666666679,45.375000000009,train,bii_1000_training_esteso,9.750000000012,9.833333333346,45.333333333342,45.416666666675
535:2283,10.291666666679,45.375000000009,train,bii_1000_training_esteso,10.250000000012,10.333333333346,45.333333333342,45.416666666675
539:2293,11.125000000012,45.041666666675,train,bii_1000_training_esteso,11.083333333346,11.166666666679,45.000000000009,45.083333333342
536:2285,10.458333333346,45.291666666675,train,bii_1000_training_esteso,10.416666666679,10.500000000012,45.250000000009,45.333333333342
540:2295,11.291666666679,44.958333333342,train,bii_1000_training_esteso,11.250000000012,11.333333333346,44.916666666675,45.000000000009
537:2287,10.625000000012,45.208333333342,train,bii_1000_training_esteso,10.583333333346,10.666666666679,45.166666666675,45.250000000009
544:2270,9.208333333345,44.625000000009,train,bii_1000_training_esteso,9.166666666679,9.250000000012,44.583333333342,44.666666666675
527:2289,10.791666666679,46.041666666675,train,bii_1000_training_esteso,10.750000000012,10.833333333346,46.000000000009,46.083333333342
522:2288,10.708333333346,46.458333333342,train,bii_1000_training_esteso,10.666666666679,10.750000000012,46.416666666675,46.500000000009
531:2289,10.791666666679,45.708333333342,train,bii_1000_training_esteso,10.750000000012,10.833333333346,45.666666666675,45.750000000009
526:2288,10.708333333346,46.125000000009,train,bii_1000_training_esteso,10.666666666679,10.750000000012,46.083333333342,46.166666666675
537:2289,10.791666666679,45.208333333342,train,bii_1000_training_esteso,10.750000000012,10.833333333346,45.166666666675,45.250000000009
536:2275,9.625000000012,45.291666666675,train,bii_1000_training_esteso,9.583333333346,9.666666666679,45.250000000009,45.333333333342
538:2289,10.791666666679,45.125000000009,train,bii_1000_training_esteso,10.750000000012,10.833333333346,45.083333333342,45.166666666675
539:2290,10.875000000012,45.041666666675,train,bii_1000_training_esteso,10.833333333346,10.916666666679,45.000000000009,45.083333333342
540:2291,10.958333333346,44.958333333342,train,bii_1000_training_esteso,10.916666666679,11.000000000012,44.916666666675,45.000000000009
532:2288,10.708333333346,45.625000000009,train,bii_1000_training_esteso,10.666666666679,10.750000000012,45.583333333342,45.666666666675
545:2268,9.041666666679,44.541666666675,train,bii_1000_training_esteso,9.000000000012,9.083333333345,44.500000000009,44.583333333342
536:2288,10.708333333346,45.291666666675,train,bii_1000_training_esteso,10.666666666679,10.750000000012,45.250000000009,45.333333333342
551:2292,11.041666666679,44.041666666675,train,bii_1000_training_esteso,11.000000000012,11.083333333346,44.000000000009,44.083333333342
537:2274,9.541666666679,45.208333333342,train,bii_1000_training_esteso,9.500000000012,9.583333333346,45.166666666675,45.250000000009
556:2291,10.958333333346,43.625000000009,train,bii_1000_training_esteso,10.916666666679,11.000000000012,43.583333333342,43.666666666675
557:2290,10.875000000012,43.541666666675,train,bii_1000_training_esteso,10.833333333346,10.916666666679,43.500000000009,43.583333333342
541:2292,11.041666666679,44.875000000009,train,bii_1000_training_esteso,11.000000000012,11.083333333346,44.833333333342,44.916666666675
543:2293,11.125000000012,44.708333333342,train,bii_1000_training_esteso,11.083333333346,11.166666666679,44.666666666675,44.750000000009
546:2267,8.958333333345,44.458333333342,train,bii_1000_training_esteso,8.916666666679,9.000000000012,44.416666666675,44.500000000009
550:2293,11.125000000012,44.125000000009,train,bii_1000_training_esteso,11.083333333346,11.166666666679,44.083333333342,44.166666666675
555:2292,11.041666666679,43.708333333342,train,bii_1000_training_esteso,11.000000000012,11.083333333346,43.666666666675,43.750000000009
524:2287,10.625000000012,46.291666666675,train,bii_1000_training_esteso,10.583333333346,10.666666666679,46.250000000009,46.333333333342
528:2290,10.875000000012,45.958333333342,train,bii_1000_training_esteso,10.833333333346,10.916666666679,45.916666666675,46.000000000009
530:2290,10.875000000012,45.791666666675,train,bii_1000_training_esteso,10.833333333346,10.916666666679,45.750000000009,45.833333333342
538:2290,10.875000000012,45.125000000009,train,bii_1000_training_esteso,10.833333333346,10.916666666679,45.083333333342,45.166666666675
535:2276,9.708333333346,45.375000000009,train,bii_1000_training_esteso,9.666666666679,9.750000000012,45.333333333342,45.416666666675
535:2284,10.375000000012,45.375000000009,train,bii_1000_training_esteso,10.333333333346,10.416666666679,45.333333333342,45.416666666675
539:2292,11.041666666679,45.041666666675,train,bii_1000_training_esteso,11.000000000012,11.083333333346,45.000000000009,45.083333333342
536:2286,10.541666666679,45.291666666675,train,bii_1000_training_esteso,10.500000000012,10.583333333346,45.250000000009,45.333333333342
540:2294,11.208333333346,44.958333333342,train,bii_1000_training_esteso,11.166666666679,11.250000000012,44.916666666675,45.000000000009
537:2288,10.708333333346,45.208333333342,train,bii_1000_training_esteso,10.666666666679,10.750000000012,45.166666666675,45.250000000009
544:2269,9.125000000012,44.625000000009,train,bii_1000_training_esteso,9.083333333345,9.166666666679,44.583333333342,44.666666666675
534:2287,10.625000000012,45.458333333342,train,bii_1000_training_esteso,10.583333333346,10.666666666679,45.416666666675,45.500000000009
523:2287,10.625000000012,46.375000000009,train,bii_1000_training_esteso,10.583333333346,10.666666666679,46.333333333342,46.416666666675
525:2287,10.625000000012,46.208333333342,train,bii_1000_training_esteso,10.583333333346,10.666666666679,46.166666666675,46.250000000009
539:2273,9.458333333346,45.041666666675,train,bii_1000_training_esteso,9.416666666679,9.500000000012,45.000000000009,45.083333333342
540:2273,9.458333333346,44.958333333342,train,bii_1000_training_esteso,9.416666666679,9.500000000012,44.916666666675,45.000000000009
541:2273,9.458333333346,44.875000000009,train,bii_1000_training_esteso,9.416666666679,9.500000000012,44.833333333342,44.916666666675
543:2273,9.458333333346,44.708333333342,train,bii_1000_training_esteso,9.416666666679,9.500000000012,44.666666666675,44.750000000009
541:2298,11.541666666679,44.875000000009,train,bii_1000_training_esteso,11.500000000012,11.583333333346,44.833333333342,44.916666666675
534:2280,10.041666666679,45.458333333342,train,bii_1000_training_esteso,10.000000000012,10.083333333346,45.416666666675,45.500000000009
542:2273,9.458333333346,44.791666666675,train,bii_1000_training_esteso,9.416666666679,9.500000000012,44.750000000009,44.833333333342
529:2294,11.208333333346,45.875000000009,train,bii_1000_training_esteso,11.166666666679,11.250000000012,45.833333333342,45.916666666675
529:2295,11.291666666679,45.875000000009,train,bii_1000_training_esteso,11.250000000012,11.333333333346,45.833333333342,45.916666666675
548:2294,11.208333333346,44.291666666675,train,bii_1000_training_esteso,11.166666666679,11.250000000012,44.250000000009,44.333333333342
535:2287,10.625000000012,45.375000000009,train,bii_1000_training_esteso,10.583333333346,10.666666666679,45.333333333342,45.416666666675
543:2272,9.375000000012,44.708333333342,train,bii_1000_training_esteso,9.333333333345,9.416666666679,44.666666666675,44.750000000009
534:2279,9.958333333346,45.458333333342,train,bii_1000_training_esteso,9.916666666679,10.000000000012,45.416666666675,45.500000000009
534:2281,10.125000000012,45.458333333342,train,bii_1000_training_esteso,10.083333333346,10.166666666679,45.416666666675,45.500000000009
529:2293,11.125000000012,45.875000000009,train,bii_1000_training_esteso,11.083333333346,11.166666666679,45.833333333342,45.916666666675
541:2297,11.458333333346,44.875000000009,train,bii_1000_training_esteso,11.416666666679,11.500000000012,44.833333333342,44.916666666675
538:2273,9.458333333346,45.125000000009,train,bii_1000_training_esteso,9.416666666679,9.500000000012,45.083333333342,45.166666666675
553:2293,11.125000000012,43.875000000009,train,bii_1000_training_esteso,11.083333333346,11.166666666679,43.833333333342,43.916666666675
542:2293,11.125000000012,44.791666666675,train,bii_1000_training_esteso,11.083333333346,11.166666666679,44.750000000009,44.833333333342
549:2294,11.208333333346,44.208333333342,train,bii_1000_training_esteso,11.166666666679,11.250000000012,44.166666666675,44.250000000009
527:2288,10.708333333346,46.041666666675,train,bii_1000_training_esteso,10.666666666679,10.750000000012,46.000000000009,46.083333333342
552:2293,11.125000000012,43.958333333342,train,bii_1000_training_esteso,11.083333333346,11.166666666679,43.916666666675,44.000000000009
531:2288,10.708333333346,45.708333333342,train,bii_1000_training_esteso,10.666666666679,10.750000000012,45.666666666675,45.750000000009
554:2293,11.125000000012,43.791666666675,train,bii_1000_training_esteso,11.083333333346,11.166666666679,43.750000000009,43.833333333342
529:2292,11.041666666679,45.875000000009,train,bii_1000_training_esteso,11.000000000012,11.083333333346,45.833333333342,45.916666666675
534:2278,9.875000000012,45.458333333342,train,bii_1000_training_esteso,9.833333333346,9.916666666679,45.416666666675,45.500000000009
534:2282,10.208333333346,45.458333333342,train,bii_1000_training_esteso,10.166666666679,10.250000000012,45.416666666675,45.500000000009
541:2296,11.375000000012,44.875000000009,train,bii_1000_training_esteso,11.333333333346,11.416666666679,44.833333333342,44.916666666675
543:2271,9.291666666679,44.708333333342,train,bii_1000_training_esteso,9.250000000012,9.333333333345,44.666666666675,44.750000000009
536:2274,9.541666666679,45.291666666675,train,bii_1000_training_esteso,9.500000000012,9.583333333346,45.250000000009,45.333333333342
539:2291,10.958333333346,45.041666666675,train,bii_1000_training_esteso,10.916666666679,11.000000000012,45.000000000009,45.083333333342
540:2292,11.041666666679,44.958333333342,train,bii_1000_training_esteso,11.000000000012,11.083333333346,44.916666666675,45.000000000009
522:2287,10.625000000012,46.458333333342,train,bii_1000_training_esteso,10.583333333346,10.666666666679,46.416666666675,46.500000000009
545:2267,8.958333333345,44.541666666675,train,bii_1000_training_esteso,8.916666666679,9.000000000012,44.500000000009,44.583333333342
551:2293,11.125000000012,44.041666666675,train,bii_1000_training_esteso,11.083333333346,11.166666666679,44.000000000009,44.083333333342
526:2287,10.625000000012,46.125000000009,train,bii_1000_training_esteso,10.583333333346,10.666666666679,46.083333333342,46.166666666675
556:2292,11.041666666679,43.625000000009,train,bii_1000_training_esteso,11.000000000012,11.083333333346,43.583333333342,43.666666666675
557:2291,10.958333333346,43.541666666675,train,bii_1000_training_esteso,10.916666666679,11.000000000012,43.500000000009,43.583333333342
528:2289,10.791666666679,45.958333333342,train,bii_1000_training_esteso,10.750000000012,10.833333333346,45.916666666675,46.000000000009
532:2287,10.625000000012,45.625000000009,train,bii_1000_training_esteso,10.583333333346,10.666666666679,45.583333333342,45.666666666675
530:2289,10.791666666679,45.791666666675,train,bii_1000_training_esteso,10.750000000012,10.833333333346,45.750000000009,45.833333333342
536:2287,10.625000000012,45.291666666675,train,bii_1000_training_esteso,10.583333333346,10.666666666679,45.250000000009,45.333333333342
535:2275,9.625000000012,45.375000000009,train,bii_1000_training_esteso,9.583333333346,9.666666666679,45.333333333342,45.416666666675
535:2285,10.458333333346,45.375000000009,train,bii_1000_training_esteso,10.416666666679,10.500000000012,45.333333333342,45.416666666675
540:2293,11.125000000012,44.958333333342,train,bii_1000_training_esteso,11.083333333346,11.166666666679,44.916666666675,45.000000000009
537:2273,9.458333333346,45.208333333342,train,bii_1000_training_esteso,9.416666666679,9.500000000012,45.166666666675,45.250000000009
544:2268,9.041666666679,44.625000000009,train,bii_1000_training_esteso,9.000000000012,9.083333333345,44.583333333342,44.666666666675
541:2293,11.125000000012,44.875000000009,train,bii_1000_training_esteso,11.083333333346,11.166666666679,44.833333333342,44.916666666675
543:2294,11.208333333346,44.708333333342,train,bii_1000_training_esteso,11.166666666679,11.250000000012,44.666666666675,44.750000000009
546:2266,8.875000000012,44.458333333342,train,bii_1000_training_esteso,8.833333333345,8.916666666679,44.416666666675,44.500000000009
529:2291,10.958333333346,45.875000000009,train,bii_1000_training_esteso,10.916666666679,11.000000000012,45.833333333342,45.916666666675
550:2294,11.208333333346,44.125000000009,train,bii_1000_training_esteso,11.166666666679,11.250000000012,44.083333333342,44.166666666675
534:2277,9.791666666679,45.458333333342,train,bii_1000_training_esteso,9.750000000012,9.833333333346,45.416666666675,45.500000000009
534:2283,10.291666666679,45.458333333342,train,bii_1000_training_esteso,10.250000000012,10.333333333346,45.416666666675,45.500000000009
541:2295,11.291666666679,44.875000000009,train,bii_1000_training_esteso,11.250000000012,11.333333333346,44.833333333342,44.916666666675
543:2270,9.208333333345,44.708333333342,train,bii_1000_training_esteso,9.166666666679,9.250000000012,44.666666666675,44.750000000009
555:2293,11.125000000012,43.708333333342,train,bii_1000_training_esteso,11.083333333346,11.166666666679,43.666666666675,43.750000000009
524:2286,10.541666666679,46.291666666675,train,bii_1000_training_esteso,10.500000000012,10.583333333346,46.250000000009,46.333333333342
523:2286,10.541666666679,46.375000000009,train,bii_1000_training_esteso,10.500000000012,10.583333333346,46.333333333342,46.416666666675
534:2286,10.541666666679,45.458333333342,train,bii_1000_training_esteso,10.500000000012,10.583333333346,45.416666666675,45.500000000009
525:2286,10.541666666679,46.208333333342,train,bii_1000_training_esteso,10.500000000012,10.583333333346,46.166666666675,46.250000000009
539:2272,9.375000000012,45.041666666675,train,bii_1000_training_esteso,9.333333333345,9.416666666679,45.000000000009,45.083333333342
540:2272,9.375000000012,44.958333333342,train,bii_1000_training_esteso,9.333333333345,9.416666666679,44.916666666675,45.000000000009
541:2272,9.375000000012,44.875000000009,train,bii_1000_training_esteso,9.333333333345,9.416666666679,44.833333333342,44.916666666675
542:2272,9.375000000012,44.791666666675,train,bii_1000_training_esteso,9.333333333345,9.416666666679,44.750000000009,44.833333333342
527:2287,10.625000000012,46.041666666675,train,bii_1000_training_esteso,10.583333333346,10.666666666679,46.000000000009,46.083333333342
529:2290,10.875000000012,45.875000000009,train,bii_1000_training_esteso,10.833333333346,10.916666666679,45.833333333342,45.916666666675
533:2286,10.541666666679,45.541666666675,train,bii_1000_training_esteso,10.500000000012,10.583333333346,45.500000000009,45.583333333342
535:2286,10.541666666679,45.375000000009,train,bii_1000_training_esteso,10.500000000012,10.583333333346,45.333333333342,45.416666666675
534:2276,9.708333333346,45.458333333342,train,bii_1000_training_esteso,9.666666666679,9.750000000012,45.416666666675,45.500000000009
534:2284,10.375000000012,45.458333333342,train,bii_1000_training_esteso,10.333333333346,10.416666666679,45.416666666675,45.500000000009
541:2294,11.208333333346,44.875000000009,train,bii_1000_training_esteso,11.166666666679,11.250000000012,44.833333333342,44.916666666675
542:2299,11.625000000012,44.791666666675,train,bii_1000_training_esteso,11.583333333346,11.666666666679,44.750000000009,44.833333333342
543:2269,9.125000000012,44.708333333342,train,bii_1000_training_esteso,9.083333333345,9.166666666679,44.666666666675,44.750000000009
548:2295,11.291666666679,44.291666666675,train,bii_1000_training_esteso,11.250000000012,11.333333333346,44.250000000009,44.333333333342
531:2287,10.625000000012,45.708333333342,train,bii_1000_training_esteso,10.583333333346,10.666666666679,45.666666666675,45.750000000009
538:2272,9.375000000012,45.125000000009,train,bii_1000_training_esteso,9.333333333345,9.416666666679,45.083333333342,45.166666666675
528:2288,10.708333333346,45.958333333342,train,bii_1000_training_esteso,10.666666666679,10.750000000012,45.916666666675,46.000000000009
536:2273,9.458333333346,45.291666666675,train,bii_1000_training_esteso,9.416666666679,9.500000000012,45.250000000009,45.333333333342
542:2294,11.208333333346,44.791666666675,train,bii_1000_training_esteso,11.166666666679,11.250000000012,44.750000000009,44.833333333342
553:2294,11.208333333346,43.875000000009,train,bii_1000_training_esteso,11.166666666679,11.250000000012,43.833333333342,43.916666666675
530:2288,10.708333333346,45.791666666675,train,bii_1000_training_esteso,10.666666666679,10.750000000012,45.750000000009,45.833333333342
535:2274,9.541666666679,45.375000000009,train,bii_1000_training_esteso,9.500000000012,9.583333333346,45.333333333342,45.416666666675
549:2295,11.291666666679,44.208333333342,train,bii_1000_training_esteso,11.250000000012,11.333333333346,44.166666666675,44.250000000009
545:2266,8.875000000012,44.541666666675,train,bii_1000_training_esteso,8.833333333345,8.916666666679,44.500000000009,44.583333333342
551:2294,11.208333333346,44.041666666675,train,bii_1000_training_esteso,11.166666666679,11.250000000012,44.000000000009,44.083333333342
544:2267,8.958333333345,44.625000000009,train,bii_1000_training_esteso,8.916666666679,9.000000000012,44.583333333342,44.666666666675
552:2294,11.208333333346,43.958333333342,train,bii_1000_training_esteso,11.166666666679,11.250000000012,43.916666666675,44.000000000009
554:2294,11.208333333346,43.791666666675,train,bii_1000_training_esteso,11.166666666679,11.250000000012,43.750000000009,43.833333333342
522:2286,10.541666666679,46.458333333342,train,bii_1000_training_esteso,10.500000000012,10.583333333346,46.416666666675,46.500000000009
556:2293,11.125000000012,43.625000000009,train,bii_1000_training_esteso,11.083333333346,11.166666666679,43.583333333342,43.666666666675
557:2292,11.041666666679,43.541666666675,train,bii_1000_training_esteso,11.000000000012,11.083333333346,43.500000000009,43.583333333342
526:2286,10.541666666679,46.125000000009,train,bii_1000_training_esteso,10.500000000012,10.583333333346,46.083333333342,46.166666666675
532:2286,10.541666666679,45.625000000009,train,bii_1000_training_esteso,10.500000000012,10.583333333346,45.583333333342,45.666666666675
542:2298,11.541666666679,44.791666666675,train,bii_1000_training_esteso,11.500000000012,11.583333333346,44.750000000009,44.833333333342
533:2280,10.041666666679,45.541666666675,train,bii_1000_training_esteso,10.000000000012,10.083333333346,45.500000000009,45.583333333342
537:2272,9.375000000012,45.208333333342,train,bii_1000_training_esteso,9.333333333345,9.416666666679,45.166666666675,45.250000000009
533:2279,9.958333333346,45.541666666675,train,bii_1000_training_esteso,9.916666666679,10.000000000012,45.500000000009,45.583333333342
533:2281,10.125000000012,45.541666666675,train,bii_1000_training_esteso,10.083333333346,10.166666666679,45.500000000009,45.583333333342
542:2297,11.458333333346,44.791666666675,train,bii_1000_training_esteso,11.416666666679,11.500000000012,44.750000000009,44.833333333342
543:2295,11.291666666679,44.708333333342,train,bii_1000_training_esteso,11.250000000012,11.333333333346,44.666666666675,44.750000000009
546:2265,8.791666666679,44.458333333342,train,bii_1000_training_esteso,8.750000000012,8.833333333345,44.416666666675,44.500000000009
529:2289,10.791666666679,45.875000000009,train,bii_1000_training_esteso,10.750000000012,10.833333333346,45.833333333342,45.916666666675
550:2295,11.291666666679,44.125000000009,train,bii_1000_training_esteso,11.250000000012,11.333333333346,44.083333333342,44.166666666675
534:2275,9.625000000012,45.458333333342,train,bii_1000_training_esteso,9.583333333346,9.666666666679,45.416666666675,45.500000000009
534:2285,10.458333333346,45.458333333342,train,bii_1000_training_esteso,10.416666666679,10.500000000012,45.416666666675,45.500000000009
555:2294,11.208333333346,43.708333333342,train,bii_1000_training_esteso,11.166666666679,11.250000000012,43.666666666675,43.750000000009
543:2268,9.041666666679,44.708333333342,train,bii_1000_training_esteso,9.000000000012,9.083333333345,44.666666666675,44.750000000009
533:2278,9.875000000012,45.541666666675,train,bii_1000_training_esteso,9.833333333346,9.916666666679,45.500000000009,45.583333333342
533:2282,10.208333333346,45.541666666675,train,bii_1000_training_esteso,10.166666666679,10.250000000012,45.500000000009,45.583333333342
542:2296,11.375000000012,44.791666666675,train,bii_1000_training_esteso,11.333333333346,11.416666666679,44.750000000009,44.833333333342
542:2271,9.291666666679,44.791666666675,train,bii_1000_training_esteso,9.250000000012,9.333333333345,44.750000000009,44.833333333342
524:2285,10.458333333346,46.291666666675,train,bii_1000_training_esteso,10.416666666679,10.500000000012,46.250000000009,46.333333333342
528:2287,10.625000000012,45.958333333342,train,bii_1000_training_esteso,10.583333333346,10.666666666679,45.916666666675,46.000000000009
523:2285,10.458333333346,46.375000000009,train,bii_1000_training_esteso,10.416666666679,10.500000000012,46.333333333342,46.416666666675
527:2286,10.541666666679,46.041666666675,train,bii_1000_training_esteso,10.500000000012,10.583333333346,46.000000000009,46.083333333342
525:2285,10.458333333346,46.208333333342,train,bii_1000_training_esteso,10.416666666679,10.500000000012,46.166666666675,46.250000000009
530:2287,10.625000000012,45.791666666675,train,bii_1000_training_esteso,10.583333333346,10.666666666679,45.750000000009,45.833333333342
533:2277,9.791666666679,45.541666666675,train,bii_1000_training_esteso,9.750000000012,9.833333333346,45.500000000009,45.583333333342
533:2283,10.291666666679,45.541666666675,train,bii_1000_training_esteso,10.250000000012,10.333333333346,45.500000000009,45.583333333342
542:2295,11.291666666679,44.791666666675,train,bii_1000_training_esteso,11.250000000012,11.333333333346,44.750000000009,44.833333333342
543:2300,11.708333333346,44.708333333342,train,bii_1000_training_esteso,11.666666666679,11.750000000012,44.666666666675,44.750000000009
542:2270,9.208333333345,44.791666666675,train,bii_1000_training_esteso,9.166666666679,9.250000000012,44.750000000009,44.833333333342
535:2273,9.458333333346,45.375000000009,train,bii_1000_training_esteso,9.416666666679,9.500000000012,45.333333333342,45.416666666675
531:2286,10.541666666679,45.708333333342,train,bii_1000_training_esteso,10.500000000012,10.583333333346,45.666666666675,45.750000000009
539:2271,9.291666666679,45.041666666675,train,bii_1000_training_esteso,9.250000000012,9.333333333345,45.000000000009,45.083333333342
540:2271,9.291666666679,44.958333333342,train,bii_1000_training_esteso,9.250000000012,9.333333333345,44.916666666675,45.000000000009
541:2271,9.291666666679,44.875000000009,train,bii_1000_training_esteso,9.250000000012,9.333333333345,44.833333333342,44.916666666675
536:2272,9.375000000012,45.291666666675,train,bii_1000_training_esteso,9.333333333345,9.416666666679,45.250000000009,45.333333333342
533:2285,10.458333333346,45.541666666675,train,bii_1000_training_esteso,10.416666666679,10.500000000012,45.500000000009,45.583333333342
544:2266,8.875000000012,44.625000000009,train,bii_1000_training_esteso,8.833333333345,8.916666666679,44.583333333342,44.666666666675
557:2293,11.125000000012,43.541666666675,train,bii_1000_training_esteso,11.083333333346,11.166666666679,43.500000000009,43.583333333342
538:2271,9.291666666679,45.125000000009,train,bii_1000_training_esteso,9.250000000012,9.333333333345,45.083333333342,45.166666666675
548:2296,11.375000000012,44.291666666675,train,bii_1000_training_esteso,11.333333333346,11.416666666679,44.250000000009,44.333333333342
545:2265,8.791666666679,44.541666666675,train,bii_1000_training_esteso,8.750000000012,8.833333333345,44.500000000009,44.583333333342
551:2295,11.291666666679,44.041666666675,train,bii_1000_training_esteso,11.250000000012,11.333333333346,44.000000000009,44.083333333342
529:2288,10.708333333346,45.875000000009,train,bii_1000_training_esteso,10.666666666679,10.750000000012,45.833333333342,45.916666666675
553:2295,11.291666666679,43.875000000009,train,bii_1000_training_esteso,11.250000000012,11.333333333346,43.833333333342,43.916666666675
556:2294,11.208333333346,43.625000000009,train,bii_1000_training_esteso,11.166666666679,11.250000000012,43.583333333342,43.666666666675
522:2285,10.458333333346,46.458333333342,train,bii_1000_training_esteso,10.416666666679,10.500000000012,46.416666666675,46.500000000009
534:2274,9.541666666679,45.458333333342,train,bii_1000_training_esteso,9.500000000012,9.583333333346,45.416666666675,45.500000000009
549:2296,11.375000000012,44.208333333342,train,bii_1000_training_esteso,11.333333333346,11.416666666679,44.166666666675,44.250000000009
526:2285,10.458333333346,46.125000000009,train,bii_1000_training_esteso,10.416666666679,10.500000000012,46.083333333342,46.166666666675
543:2267,8.958333333345,44.708333333342,train,bii_1000_training_esteso,8.916666666679,9.000000000012,44.666666666675,44.750000000009
552:2295,11.291666666679,43.958333333342,train,bii_1000_training_esteso,11.250000000012,11.333333333346,43.916666666675,44.000000000009
554:2295,11.291666666679,43.791666666675,train,bii_1000_training_esteso,11.250000000012,11.333333333346,43.750000000009,43.833333333342
533:2276,9.708333333346,45.541666666675,train,bii_1000_training_esteso,9.666666666679,9.750000000012,45.500000000009,45.583333333342
533:2284,10.375000000012,45.541666666675,train,bii_1000_training_esteso,10.333333333346,10.416666666679,45.500000000009,45.583333333342
543:2299,11.625000000012,44.708333333342,train,bii_1000_training_esteso,11.583333333346,11.666666666679,44.666666666675,44.750000000009
542:2269,9.125000000012,44.791666666675,train,bii_1000_training_esteso,9.083333333345,9.166666666679,44.750000000009,44.833333333342
532:2285,10.458333333346,45.625000000009,train,bii_1000_training_esteso,10.416666666679,10.500000000012,45.583333333342,45.666666666675
537:2271,9.291666666679,45.208333333342,train,bii_1000_training_esteso,9.250000000012,9.333333333345,45.166666666675,45.250000000009
543:2296,11.375000000012,44.708333333342,train,bii_1000_training_esteso,11.333333333346,11.416666666679,44.666666666675,44.750000000009
546:2264,8.708333333345,44.458333333342,train,bii_1000_training_esteso,8.666666666679,8.750000000012,44.416666666675,44.500000000009
550:2296,11.375000000012,44.125000000009,train,bii_1000_training_esteso,11.333333333346,11.416666666679,44.083333333342,44.166666666675
555:2295,11.291666666679,43.708333333342,train,bii_1000_training_esteso,11.250000000012,11.333333333346,43.666666666675,43.750000000009
528:2286,10.541666666679,45.958333333342,train,bii_1000_training_esteso,10.500000000012,10.583333333346,45.916666666675,46.000000000009
530:2286,10.541666666679,45.791666666675,train,bii_1000_training_esteso,10.500000000012,10.583333333346,45.750000000009,45.833333333342
535:2272,9.375000000012,45.375000000009,train,bii_1000_training_esteso,9.333333333345,9.416666666679,45.333333333342,45.416666666675
524:2284,10.375000000012,46.291666666675,train,bii_1000_training_esteso,10.333333333346,10.416666666679,46.250000000009,46.333333333342
527:2285,10.458333333346,46.041666666675,train,bii_1000_training_esteso,10.416666666679,10.500000000012,46.000000000009,46.083333333342
533:2275,9.625000000012,45.541666666675,train,bii_1000_training_esteso,9.583333333346,9.666666666679,45.500000000009,45.583333333342
543:2298,11.541666666679,44.708333333342,train,bii_1000_training_esteso,11.500000000012,11.583333333346,44.666666666675,44.750000000009
542:2268,9.041666666679,44.791666666675,train,bii_1000_training_esteso,9.000000000012,9.083333333345,44.750000000009,44.833333333342
529:2287,10.625000000012,45.875000000009,train,bii_1000_training_esteso,10.583333333346,10.666666666679,45.833333333342,45.916666666675
532:2280,10.041666666679,45.625000000009,train,bii_1000_training_esteso,10.000000000012,10.083333333346,45.583333333342,45.666666666675
544:2265,8.791666666679,44.625000000009,train,bii_1000_training_esteso,8.750000000012,8.833333333345,44.583333333342,44.666666666675
531:2285,10.458333333346,45.708333333342,train,bii_1000_training_esteso,10.416666666679,10.500000000012,45.666666666675,45.750000000009
523:2284,10.375000000012,46.375000000009,train,bii_1000_training_esteso,10.333333333346,10.416666666679,46.333333333342,46.416666666675
525:2284,10.375000000012,46.208333333342,train,bii_1000_training_esteso,10.333333333346,10.416666666679,46.166666666675,46.250000000009
543:2297,11.458333333346,44.708333333342,train,bii_1000_training_esteso,11.416666666679,11.500000000012,44.666666666675,44.750000000009
532:2279,9.958333333346,45.625000000009,train,bii_1000_training_esteso,9.916666666679,10.000000000012,45.583333333342,45.666666666675
532:2281,10.125000000012,45.625000000009,train,bii_1000_training_esteso,10.083333333346,10.166666666679,45.583333333342,45.666666666675
534:2273,9.458333333346,45.458333333342,train,bii_1000_training_esteso,9.416666666679,9.500000000012,45.416666666675,45.500000000009
536:2271,9.291666666679,45.291666666675,train,bii_1000_training_esteso,9.250000000012,9.333333333345,45.250000000009,45.333333333342
543:2266,8.875000000012,44.708333333342,train,bii_1000_training_esteso,8.833333333345,8.916666666679,44.666666666675,44.750000000009
539:2270,9.208333333345,45.041666666675,train,bii_1000_training_esteso,9.166666666679,9.250000000012,45.000000000009,45.083333333342
540:2270,9.208333333345,44.958333333342,train,bii_1000_training_esteso,9.166666666679,9.250000000012,44.916666666675,45.000000000009
541:2270,9.208333333345,44.875000000009,train,bii_1000_training_esteso,9.166666666679,9.250000000012,44.833333333342,44.916666666675
545:2264,8.708333333345,44.541666666675,train,bii_1000_training_esteso,8.666666666679,8.750000000012,44.500000000009,44.583333333342
532:2278,9.875000000012,45.625000000009,train,bii_1000_training_esteso,9.833333333346,9.916666666679,45.583333333342,45.666666666675
532:2282,10.208333333346,45.625000000009,train,bii_1000_training_esteso,10.166666666679,10.250000000012,45.583333333342,45.666666666675
544:2301,11.791666666679,44.625000000009,train,bii_1000_training_esteso,11.750000000012,11.833333333346,44.583333333342,44.666666666675
551:2296,11.375000000012,44.041666666675,train,bii_1000_training_esteso,11.333333333346,11.416666666679,44.000000000009,44.083333333342
538:2270,9.208333333345,45.125000000009,train,bii_1000_training_esteso,9.166666666679,9.250000000012,45.083333333342,45.166666666675
556:2295,11.291666666679,43.625000000009,train,bii_1000_training_esteso,11.250000000012,11.333333333346,43.583333333342,43.666666666675
548:2297,11.458333333346,44.291666666675,train,bii_1000_training_esteso,11.416666666679,11.500000000012,44.250000000009,44.333333333342
522:2284,10.375000000012,46.458333333342,train,bii_1000_training_esteso,10.333333333346,10.416666666679,46.416666666675,46.500000000009
526:2284,10.375000000012,46.125000000009,train,bii_1000_training_esteso,10.333333333346,10.416666666679,46.083333333342,46.166666666675
553:2296,11.375000000012,43.875000000009,train,bii_1000_training_esteso,11.333333333346,11.416666666679,43.833333333342,43.916666666675
549:2297,11.458333333346,44.208333333342,train,bii_1000_training_esteso,11.416666666679,11.500000000012,44.166666666675,44.250000000009
532:2277,9.791666666679,45.625000000009,train,bii_1000_training_esteso,9.750000000012,9.833333333346,45.583333333342,45.666666666675
532:2283,10.291666666679,45.625000000009,train,bii_1000_training_esteso,10.250000000012,10.333333333346,45.583333333342,45.666666666675
544:2300,11.708333333346,44.625000000009,train,bii_1000_training_esteso,11.666666666679,11.750000000012,44.583333333342,44.666666666675
552:2296,11.375000000012,43.958333333342,train,bii_1000_training_esteso,11.333333333346,11.416666666679,43.916666666675,44.000000000009
532:2284,10.375000000012,45.625000000009,train,bii_1000_training_esteso,10.333333333346,10.416666666679,45.583333333342,45.666666666675
554:2296,11.375000000012,43.791666666675,train,bii_1000_training_esteso,11.333333333346,11.416666666679,43.750000000009,43.833333333342
533:2274,9.541666666679,45.541666666675,train,bii_1000_training_esteso,9.500000000012,9.583333333346,45.500000000009,45.583333333342
537:2270,9.208333333345,45.208333333342,train,bii_1000_training_esteso,9.166666666679,9.250000000012,45.166666666675,45.250000000009
542:2267,8.958333333345,44.791666666675,train,bii_1000_training_esteso,8.916666666679,9.000000000012,44.750000000009,44.833333333342
528:2285,10.458333333346,45.958333333342,train,bii_1000_training_esteso,10.416666666679,10.500000000012,45.916666666675,46.000000000009
546:2263,8.625000000012,44.458333333342,train,bii_1000_training_esteso,8.583333333345,8.666666666679,44.416666666675,44.500000000009
550:2297,11.458333333346,44.125000000009,train,bii_1000_training_esteso,11.416666666679,11.500000000012,44.083333333342,44.166666666675
530:2285,10.458333333346,45.791666666675,train,bii_1000_training_esteso,10.416666666679,10.500000000012,45.750000000009,45.833333333342
529:2286,10.541666666679,45.875000000009,train,bii_1000_training_esteso,10.500000000012,10.583333333346,45.833333333342,45.916666666675
535:2271,9.291666666679,45.375000000009,train,bii_1000_training_esteso,9.250000000012,9.333333333345,45.333333333342,45.416666666675
555:2296,11.375000000012,43.708333333342,train,bii_1000_training_esteso,11.333333333346,11.416666666679,43.666666666675,43.750000000009
532:2276,9.708333333346,45.625000000009,train,bii_1000_training_esteso,9.666666666679,9.750000000012,45.583333333342,45.666666666675
534:2272,9.375000000012,45.458333333342,train,bii_1000_training_esteso,9.333333333345,9.416666666679,45.416666666675,45.500000000009
544:2299,11.625000000012,44.625000000009,train,bii_1000_training_esteso,11.583333333346,11.666666666679,44.583333333342,44.666666666675
541:2269,9.125000000012,44.875000000009,train,bii_1000_training_esteso,9.083333333345,9.166666666679,44.833333333342,44.916666666675
527:2284,10.375000000012,46.041666666675,train,bii_1000_training_esteso,10.333333333346,10.416666666679,46.000000000009,46.083333333342
544:2264,8.708333333345,44.625000000009,train,bii_1000_training_esteso,8.666666666679,8.750000000012,44.583333333342,44.666666666675
543:2265,8.791666666679,44.708333333342,train,bii_1000_training_esteso,8.750000000012,8.833333333345,44.666666666675,44.750000000009
524:2283,10.291666666679,46.291666666675,train,bii_1000_training_esteso,10.250000000012,10.333333333346,46.250000000009,46.333333333342
531:2284,10.375000000012,45.708333333342,train,bii_1000_training_esteso,10.333333333346,10.416666666679,45.666666666675,45.750000000009
536:2270,9.208333333345,45.291666666675,train,bii_1000_training_esteso,9.166666666679,9.250000000012,45.250000000009,45.333333333342
523:2283,10.291666666679,46.375000000009,train,bii_1000_training_esteso,10.250000000012,10.333333333346,46.333333333342,46.416666666675
525:2283,10.291666666679,46.208333333342,train,bii_1000_training_esteso,10.250000000012,10.333333333346,46.166666666675,46.250000000009
533:2273,9.458333333346,45.541666666675,train,bii_1000_training_esteso,9.416666666679,9.500000000012,45.500000000009,45.583333333342
545:2263,8.625000000012,44.541666666675,train,bii_1000_training_esteso,8.583333333345,8.666666666679,44.500000000009,44.583333333342
551:2297,11.458333333346,44.041666666675,train,bii_1000_training_esteso,11.416666666679,11.500000000012,44.000000000009,44.083333333342
539:2269,9.125000000012,45.041666666675,train,bii_1000_training_esteso,9.083333333345,9.166666666679,45.000000000009,45.083333333342
542:2266,8.875000000012,44.791666666675,train,bii_1000_training_esteso,8.833333333345,8.916666666679,44.750000000009,44.833333333342
540:2269,9.125000000012,44.958333333342,train,bii_1000_training_esteso,9.083333333345,9.166666666679,44.916666666675,45.000000000009
532:2275,9.625000000012,45.625000000009,train,bii_1000_training_esteso,9.583333333346,9.666666666679,45.583333333342,45.666666666675
541:2268,9.041666666679,44.875000000009,train,bii_1000_training_esteso,9.000000000012,9.083333333345,44.833333333342,44.916666666675
556:2296,11.375000000012,43.625000000009,train,bii_1000_training_esteso,11.333333333346,11.416666666679,43.583333333342,43.666666666675
538:2269,9.125000000012,45.125000000009,train,bii_1000_training_esteso,9.083333333345,9.166666666679,45.083333333342,45.166666666675
522:2283,10.291666666679,46.458333333342,train,bii_1000_training_esteso,10.250000000012,10.333333333346,46.416666666675,46.500000000009
526:2283,10.291666666679,46.125000000009,train,bii_1000_training_esteso,10.250000000012,10.333333333346,46.083333333342,46.166666666675
548:2298,11.541666666679,44.291666666675,train,bii_1000_training_esteso,11.500000000012,11.583333333346,44.250000000009,44.333333333342
547:2262,8.541666666679,44.375000000009,train,bii_1000_training_esteso,8.500000000012,8.583333333345,44.333333333342,44.416666666675
553:2297,11.458333333346,43.875000000009,train,bii_1000_training_esteso,11.416666666679,11.500000000012,43.833333333342,43.916666666675
549:2298,11.541666666679,44.208333333342,train,bii_1000_training_esteso,11.500000000012,11.583333333346,44.166666666675,44.250000000009
545:2303,11.958333333346,44.541666666675,train,bii_1000_training_esteso,11.916666666679,12.000000000012,44.500000000009,44.583333333342
531:2280,10.041666666679,45.708333333342,train,bii_1000_training_esteso,10.000000000012,10.083333333346,45.666666666675,45.750000000009
545:2302,11.875000000012,44.541666666675,train,bii_1000_training_esteso,11.833333333346,11.916666666679,44.500000000009,44.583333333342
529:2285,10.458333333346,45.875000000009,train,bii_1000_training_esteso,10.416666666679,10.500000000012,45.833333333342,45.916666666675
531:2279,9.958333333346,45.708333333342,train,bii_1000_training_esteso,9.916666666679,10.000000000012,45.666666666675,45.750000000009
531:2281,10.125000000012,45.708333333342,train,bii_1000_training_esteso,10.083333333346,10.166666666679,45.666666666675,45.750000000009
528:2284,10.375000000012,45.958333333342,train,bii_1000_training_esteso,10.333333333346,10.416666666679,45.916666666675,46.000000000009
552:2297,11.458333333346,43.958333333342,train,bii_1000_training_esteso,11.416666666679,11.500000000012,43.916666666675,44.000000000009
554:2297,11.458333333346,43.791666666675,train,bii_1000_training_esteso,11.416666666679,11.500000000012,43.750000000009,43.833333333342
537:2269,9.125000000012,45.208333333342,train,bii_1000_training_esteso,9.083333333345,9.166666666679,45.166666666675,45.250000000009
530:2284,10.375000000012,45.791666666675,train,bii_1000_training_esteso,10.333333333346,10.416666666679,45.750000000009,45.833333333342
534:2271,9.291666666679,45.458333333342,train,bii_1000_training_esteso,9.250000000012,9.333333333345,45.416666666675,45.500000000009
531:2278,9.875000000012,45.708333333342,train,bii_1000_training_esteso,9.833333333346,9.916666666679,45.666666666675,45.750000000009
531:2282,10.208333333346,45.708333333342,train,bii_1000_training_esteso,10.166666666679,10.250000000012,45.666666666675,45.750000000009
545:2301,11.791666666679,44.541666666675,train,bii_1000_training_esteso,11.750000000012,11.833333333346,44.500000000009,44.583333333342
535:2270,9.208333333345,45.375000000009,train,bii_1000_training_esteso,9.166666666679,9.250000000012,45.333333333342,45.416666666675
546:2262,8.541666666679,44.458333333342,train,bii_1000_training_esteso,8.500000000012,8.583333333345,44.416666666675,44.500000000009
543:2264,8.708333333345,44.708333333342,train,bii_1000_training_esteso,8.666666666679,8.750000000012,44.666666666675,44.750000000009
550:2298,11.541666666679,44.125000000009,train,bii_1000_training_esteso,11.500000000012,11.583333333346,44.083333333342,44.166666666675
532:2274,9.541666666679,45.625000000009,train,bii_1000_training_esteso,9.500000000012,9.583333333346,45.583333333342,45.666666666675
541:2267,8.958333333345,44.875000000009,train,bii_1000_training_esteso,8.916666666679,9.000000000012,44.833333333342,44.916666666675
544:2263,8.625000000012,44.625000000009,train,bii_1000_training_esteso,8.583333333345,8.666666666679,44.583333333342,44.666666666675
527:2283,10.291666666679,46.041666666675,train,bii_1000_training_esteso,10.250000000012,10.333333333346,46.000000000009,46.083333333342
555:2297,11.458333333346,43.708333333342,train,bii_1000_training_esteso,11.416666666679,11.500000000012,43.666666666675,43.750000000009
531:2277,9.791666666679,45.708333333342,train,bii_1000_training_esteso,9.750000000012,9.833333333346,45.666666666675,45.750000000009
531:2283,10.291666666679,45.708333333342,train,bii_1000_training_esteso,10.250000000012,10.333333333346,45.666666666675,45.750000000009
545:2300,11.708333333346,44.541666666675,train,bii_1000_training_esteso,11.666666666679,11.750000000012,44.500000000009,44.583333333342
542:2265,8.791666666679,44.791666666675,train,bii_1000_training_esteso,8.750000000012,8.833333333345,44.750000000009,44.833333333342
524:2282,10.208333333346,46.291666666675,train,bii_1000_training_esteso,10.166666666679,10.250000000012,46.250000000009,46.333333333342
536:2269,9.125000000012,45.291666666675,train,bii_1000_training_esteso,9.083333333345,9.166666666679,45.250000000009,45.333333333342
523:2282,10.208333333346,46.375000000009,train,bii_1000_training_esteso,10.166666666679,10.250000000012,46.333333333342,46.416666666675
525:2282,10.208333333346,46.208333333342,train,bii_1000_training_esteso,10.166666666679,10.250000000012,46.166666666675,46.250000000009
545:2262,8.541666666679,44.541666666675,train,bii_1000_training_esteso,8.500000000012,8.583333333345,44.500000000009,44.583333333342
531:2276,9.708333333346,45.708333333342,train,bii_1000_training_esteso,9.666666666679,9.750000000012,45.666666666675,45.750000000009
551:2298,11.541666666679,44.041666666675,train,bii_1000_training_esteso,11.500000000012,11.583333333346,44.000000000009,44.083333333342
539:2268,9.041666666679,45.041666666675,train,bii_1000_training_esteso,9.000000000012,9.083333333345,45.000000000009,45.083333333342
556:2297,11.458333333346,43.625000000009,train,bii_1000_training_esteso,11.416666666679,11.500000000012,43.583333333342,43.666666666675
540:2268,9.041666666679,44.958333333342,train,bii_1000_training_esteso,9.000000000012,9.083333333345,44.916666666675,45.000000000009
522:2282,10.208333333346,46.458333333342,train,bii_1000_training_esteso,10.166666666679,10.250000000012,46.416666666675,46.500000000009
538:2268,9.041666666679,45.125000000009,train,bii_1000_training_esteso,9.000000000012,9.083333333345,45.083333333342,45.166666666675
529:2284,10.375000000012,45.875000000009,train,bii_1000_training_esteso,10.333333333346,10.416666666679,45.833333333342,45.916666666675
526:2282,10.208333333346,46.125000000009,train,bii_1000_training_esteso,10.166666666679,10.250000000012,46.083333333342,46.166666666675
541:2266,8.875000000012,44.875000000009,train,bii_1000_training_esteso,8.833333333345,8.916666666679,44.833333333342,44.916666666675
547:2299,11.625000000012,44.375000000009,train,bii_1000_training_esteso,11.583333333346,11.666666666679,44.333333333342,44.416666666675
548:2299,11.625000000012,44.291666666675,train,bii_1000_training_esteso,11.583333333346,11.666666666679,44.250000000009,44.333333333342
528:2283,10.291666666679,45.958333333342,train,bii_1000_training_esteso,10.250000000012,10.333333333346,45.916666666675,46.000000000009
534:2270,9.208333333345,45.458333333342,train,bii_1000_training_esteso,9.166666666679,9.250000000012,45.416666666675,45.500000000009
549:2299,11.625000000012,44.208333333342,train,bii_1000_training_esteso,11.583333333346,11.666666666679,44.166666666675,44.250000000009
553:2298,11.541666666679,43.875000000009,train,bii_1000_training_esteso,11.500000000012,11.583333333346,43.833333333342,43.916666666675
530:2283,10.291666666679,45.791666666675,train,bii_1000_training_esteso,10.250000000012,10.333333333346,45.750000000009,45.833333333342
543:2263,8.625000000012,44.708333333342,train,bii_1000_training_esteso,8.583333333345,8.666666666679,44.666666666675,44.750000000009
537:2268,9.041666666679,45.208333333342,train,bii_1000_training_esteso,9.000000000012,9.083333333345,45.166666666675,45.250000000009
552:2298,11.541666666679,43.958333333342,train,bii_1000_training_esteso,11.500000000012,11.583333333346,43.916666666675,44.000000000009
535:2269,9.125000000012,45.375000000009,train,bii_1000_training_esteso,9.083333333345,9.166666666679,45.333333333342,45.416666666675
554:2298,11.541666666679,43.791666666675,train,bii_1000_training_esteso,11.500000000012,11.583333333346,43.750000000009,43.833333333342
542:2264,8.708333333345,44.791666666675,train,bii_1000_training_esteso,8.666666666679,8.750000000012,44.750000000009,44.833333333342
544:2262,8.541666666679,44.625000000009,train,bii_1000_training_esteso,8.500000000012,8.583333333345,44.583333333342,44.666666666675
527:2282,10.208333333346,46.041666666675,train,bii_1000_training_esteso,10.166666666679,10.250000000012,46.000000000009,46.083333333342
550:2299,11.625000000012,44.125000000009,train,bii_1000_training_esteso,11.583333333346,11.666666666679,44.083333333342,44.166666666675
555:2298,11.541666666679,43.708333333342,train,bii_1000_training_esteso,11.500000000012,11.583333333346,43.666666666675,43.750000000009
546:2303,11.958333333346,44.458333333342,train,bii_1000_training_esteso,11.916666666679,12.000000000012,44.416666666675,44.500000000009
530:2280,10.041666666679,45.791666666675,train,bii_1000_training_esteso,10.000000000012,10.083333333346,45.750000000009,45.833333333342
546:2304,12.041666666679,44.458333333342,train,bii_1000_training_esteso,12.000000000012,12.083333333346,44.416666666675,44.500000000009
546:2302,11.875000000012,44.458333333342,train,bii_1000_training_esteso,11.833333333346,11.916666666679,44.416666666675,44.500000000009
530:2279,9.958333333346,45.791666666675,train,bii_1000_training_esteso,9.916666666679,10.000000000012,45.750000000009,45.833333333342
530:2281,10.125000000012,45.791666666675,train,bii_1000_training_esteso,10.083333333346,10.166666666679,45.750000000009,45.833333333342
536:2268,9.041666666679,45.291666666675,train,bii_1000_training_esteso,9.000000000012,9.083333333345,45.250000000009,45.333333333342
524:2281,10.125000000012,46.291666666675,train,bii_1000_training_esteso,10.083333333346,10.166666666679,46.250000000009,46.333333333342
541:2265,8.791666666679,44.875000000009,train,bii_1000_training_esteso,8.750000000012,8.833333333345,44.833333333342,44.916666666675
540:2267,8.958333333345,44.958333333342,train,bii_1000_training_esteso,8.916666666679,9.000000000012,44.916666666675,45.000000000009
523:2281,10.125000000012,46.375000000009,train,bii_1000_training_esteso,10.083333333346,10.166666666679,46.333333333342,46.416666666675
525:2281,10.125000000012,46.208333333342,train,bii_1000_training_esteso,10.083333333346,10.166666666679,46.166666666675,46.250000000009
546:2305,12.125000000012,44.458333333342,train,bii_1000_training_esteso,12.083333333346,12.166666666679,44.416666666675,44.500000000009
530:2278,9.875000000012,45.791666666675,train,bii_1000_training_esteso,9.833333333346,9.916666666679,45.750000000009,45.833333333342
530:2282,10.208333333346,45.791666666675,train,bii_1000_training_esteso,10.166666666679,10.250000000012,45.750000000009,45.833333333342
546:2301,11.791666666679,44.458333333342,train,bii_1000_training_esteso,11.750000000012,11.833333333346,44.416666666675,44.500000000009
529:2283,10.291666666679,45.875000000009,train,bii_1000_training_esteso,10.250000000012,10.333333333346,45.833333333342,45.916666666675
551:2299,11.625000000012,44.041666666675,train,bii_1000_training_esteso,11.583333333346,11.666666666679,44.000000000009,44.083333333342
556:2298,11.541666666679,43.625000000009,train,bii_1000_training_esteso,11.500000000012,11.583333333346,43.583333333342,43.666666666675
522:2281,10.125000000012,46.458333333342,train,bii_1000_training_esteso,10.083333333346,10.166666666679,46.416666666675,46.500000000009
546:2306,12.208333333346,44.458333333342,train,bii_1000_training_esteso,12.166666666679,12.250000000012,44.416666666675,44.500000000009
539:2267,8.958333333345,45.041666666675,train,bii_1000_training_esteso,8.916666666679,9.000000000012,45.000000000009,45.083333333342
530:2277,9.791666666679,45.791666666675,train,bii_1000_training_esteso,9.750000000012,9.833333333346,45.750000000009,45.833333333342
546:2300,11.708333333346,44.458333333342,train,bii_1000_training_esteso,11.666666666679,11.750000000012,44.416666666675,44.500000000009
534:2269,9.125000000012,45.458333333342,train,bii_1000_training_esteso,9.083333333345,9.166666666679,45.416666666675,45.500000000009
526:2281,10.125000000012,46.125000000009,train,bii_1000_training_esteso,10.083333333346,10.166666666679,46.083333333342,46.166666666675
528:2282,10.208333333346,45.958333333342,train,bii_1000_training_esteso,10.166666666679,10.250000000012,45.916666666675,46.000000000009
538:2267,8.958333333345,45.125000000009,train,bii_1000_training_esteso,8.916666666679,9.000000000012,45.083333333342,45.166666666675
543:2262,8.541666666679,44.708333333342,train,bii_1000_training_esteso,8.500000000012,8.583333333345,44.666666666675,44.750000000009
542:2263,8.625000000012,44.791666666675,train,bii_1000_training_esteso,8.583333333345,8.666666666679,44.750000000009,44.833333333342
547:2300,11.708333333346,44.375000000009,train,bii_1000_training_esteso,11.666666666679,11.750000000012,44.333333333342,44.416666666675
548:2300,11.708333333346,44.291666666675,train,bii_1000_training_esteso,11.666666666679,11.750000000012,44.250000000009,44.333333333342
535:2268,9.041666666679,45.375000000009,train,bii_1000_training_esteso,9.000000000012,9.083333333345,45.333333333342,45.416666666675
549:2300,11.708333333346,44.208333333342,train,bii_1000_training_esteso,11.666666666679,11.750000000012,44.166666666675,44.250000000009
553:2299,11.625000000012,43.875000000009,train,bii_1000_training_esteso,11.583333333346,11.666666666679,43.833333333342,43.916666666675
540:2266,8.875000000012,44.958333333342,train,bii_1000_training_esteso,8.833333333345,8.916666666679,44.916666666675,45.000000000009
537:2267,8.958333333345,45.208333333342,train,bii_1000_training_esteso,8.916666666679,9.000000000012,45.166666666675,45.250000000009
552:2299,11.625000000012,43.958333333342,train,bii_1000_training_esteso,11.583333333346,11.666666666679,43.916666666675,44.000000000009
554:2299,11.625000000012,43.791666666675,train,bii_1000_training_esteso,11.583333333346,11.666666666679,43.750000000009,43.833333333342
541:2264,8.708333333345,44.875000000009,train,bii_1000_training_esteso,8.666666666679,8.750000000012,44.833333333342,44.916666666675
527:2281,10.125000000012,46.041666666675,train,bii_1000_training_esteso,10.083333333346,10.166666666679,46.000000000009,46.083333333342
550:2300,11.708333333346,44.125000000009,train,bii_1000_training_esteso,11.666666666679,11.750000000012,44.083333333342,44.166666666675
555:2299,11.625000000012,43.708333333342,train,bii_1000_training_esteso,11.583333333346,11.666666666679,43.666666666675,43.750000000009
536:2267,8.958333333345,45.291666666675,train,bii_1000_training_esteso,8.916666666679,9.000000000012,45.250000000009,45.333333333342
524:2280,10.041666666679,46.291666666675,train,bii_1000_training_esteso,10.000000000012,10.083333333346,46.250000000009,46.333333333342
529:2282,10.208333333346,45.875000000009,train,bii_1000_training_esteso,10.166666666679,10.250000000012,45.833333333342,45.916666666675
523:2280,10.041666666679,46.375000000009,train,bii_1000_training_esteso,10.000000000012,10.083333333346,46.333333333342,46.416666666675
525:2280,10.041666666679,46.208333333342,train,bii_1000_training_esteso,10.000000000012,10.083333333346,46.166666666675,46.250000000009
540:2265,8.791666666679,44.958333333342,train,bii_1000_training_esteso,8.750000000012,8.833333333345,44.916666666675,45.000000000009
551:2300,11.708333333346,44.041666666675,train,bii_1000_training_esteso,11.666666666679,11.750000000012,44.000000000009,44.083333333342
534:2268,9.041666666679,45.458333333342,train,bii_1000_training_esteso,9.000000000012,9.083333333345,45.416666666675,45.500000000009
528:2281,10.125000000012,45.958333333342,train,bii_1000_training_esteso,10.083333333346,10.166666666679,45.916666666675,46.000000000009
542:2262,8.541666666679,44.791666666675,train,bii_1000_training_esteso,8.500000000012,8.583333333345,44.750000000009,44.833333333342
556:2299,11.625000000012,43.625000000009,train,bii_1000_training_esteso,11.583333333346,11.666666666679,43.583333333342,43.666666666675
522:2280,10.041666666679,46.458333333342,train,bii_1000_training_esteso,10.000000000012,10.083333333346,46.416666666675,46.500000000009
526:2280,10.041666666679,46.125000000009,train,bii_1000_training_esteso,10.000000000012,10.083333333346,46.083333333342,46.166666666675
539:2266,8.875000000012,45.041666666675,train,bii_1000_training_esteso,8.833333333345,8.916666666679,45.000000000009,45.083333333342
547:2303,11.958333333346,44.375000000009,train,bii_1000_training_esteso,11.916666666679,12.000000000012,44.333333333342,44.416666666675
538:2266,8.875000000012,45.125000000009,train,bii_1000_training_esteso,8.833333333345,8.916666666679,45.083333333342,45.166666666675
529:2280,10.041666666679,45.875000000009,train,bii_1000_training_esteso,10.000000000012,10.083333333346,45.833333333342,45.916666666675
547:2304,12.041666666679,44.375000000009,train,bii_1000_training_esteso,12.000000000012,12.083333333346,44.333333333342,44.416666666675
541:2263,8.625000000012,44.875000000009,train,bii_1000_training_esteso,8.583333333345,8.666666666679,44.833333333342,44.916666666675
547:2302,11.875000000012,44.375000000009,train,bii_1000_training_esteso,11.833333333346,11.916666666679,44.333333333342,44.416666666675
529:2279,9.958333333346,45.875000000009,train,bii_1000_training_esteso,9.916666666679,10.000000000012,45.833333333342,45.916666666675
529:2281,10.125000000012,45.875000000009,train,bii_1000_training_esteso,10.083333333346,10.166666666679,45.833333333342,45.916666666675
535:2267,8.958333333345,45.375000000009,train,bii_1000_training_esteso,8.916666666679,9.000000000012,45.333333333342,45.416666666675
547:2301,11.791666666679,44.375000000009,train,bii_1000_training_esteso,11.750000000012,11.833333333346,44.333333333342,44.416666666675
548:2301,11.791666666679,44.291666666675,train,bii_1000_training_esteso,11.750000000012,11.833333333346,44.250000000009,44.333333333342
547:2305,12.125000000012,44.375000000009,train,bii_1000_training_esteso,12.083333333346,12.166666666679,44.333333333342,44.416666666675
529:2278,9.875000000012,45.875000000009,train,bii_1000_training_esteso,9.833333333346,9.916666666679,45.833333333342,45.916666666675
537:2266,8.875000000012,45.208333333342,train,bii_1000_training_esteso,8.833333333345,8.916666666679,45.166666666675,45.250000000009
549:2301,11.791666666679,44.208333333342,train,bii_1000_training_esteso,11.750000000012,11.833333333346,44.166666666675,44.250000000009
553:2300,11.708333333346,43.875000000009,train,bii_1000_training_esteso,11.666666666679,11.750000000012,43.833333333342,43.916666666675
552:2300,11.708333333346,43.958333333342,train,bii_1000_training_esteso,11.666666666679,11.750000000012,43.916666666675,44.000000000009
527:2280,10.041666666679,46.041666666675,train,bii_1000_training_esteso,10.000000000012,10.083333333346,46.000000000009,46.083333333342
554:2300,11.708333333346,43.791666666675,train,bii_1000_training_esteso,11.666666666679,11.750000000012,43.750000000009,43.833333333342
547:2306,12.208333333346,44.375000000009,train,bii_1000_training_esteso,12.166666666679,12.250000000012,44.333333333342,44.416666666675
529:2277,9.791666666679,45.875000000009,train,bii_1000_training_esteso,9.750000000012,9.833333333346,45.833333333342,45.916666666675
557:2299,11.625000000012,43.541666666675,train,bii_1000_training_esteso,11.583333333346,11.666666666679,43.500000000009,43.583333333342
540:2264,8.708333333345,44.958333333342,train,bii_1000_training_esteso,8.666666666679,8.750000000012,44.916666666675,45.000000000009
550:2301,11.791666666679,44.125000000009,train,bii_1000_training_esteso,11.750000000012,11.833333333346,44.083333333342,44.166666666675
555:2300,11.708333333346,43.708333333342,train,bii_1000_training_esteso,11.666666666679,11.750000000012,43.666666666675,43.750000000009
536:2266,8.875000000012,45.291666666675,train,bii_1000_training_esteso,8.833333333345,8.916666666679,45.250000000009,45.333333333342
547:2307,12.291666666679,44.375000000009,train,bii_1000_training_esteso,12.250000000012,12.333333333346,44.333333333342,44.416666666675
524:2279,9.958333333346,46.291666666675,train,bii_1000_training_esteso,9.916666666679,10.000000000012,46.250000000009,46.333333333342
523:2279,9.958333333346,46.375000000009,train,bii_1000_training_esteso,9.916666666679,10.000000000012,46.333333333342,46.416666666675
534:2267,8.958333333345,45.458333333342,train,bii_1000_training_esteso,8.916666666679,9.000000000012,45.416666666675,45.500000000009
525:2279,9.958333333346,46.208333333342,train,bii_1000_training_esteso,9.916666666679,10.000000000012,46.166666666675,46.250000000009
551:2301,11.791666666679,44.041666666675,train,bii_1000_training_esteso,11.750000000012,11.833333333346,44.000000000009,44.083333333342
541:2262,8.541666666679,44.875000000009,train,bii_1000_training_esteso,8.500000000012,8.583333333345,44.833333333342,44.916666666675
528:2280,10.041666666679,45.958333333342,train,bii_1000_training_esteso,10.000000000012,10.083333333346,45.916666666675,46.000000000009
522:2279,9.958333333346,46.458333333342,train,bii_1000_training_esteso,9.916666666679,10.000000000012,46.416666666675,46.500000000009
556:2300,11.708333333346,43.625000000009,train,bii_1000_training_esteso,11.666666666679,11.750000000012,43.583333333342,43.666666666675
526:2279,9.958333333346,46.125000000009,train,bii_1000_training_esteso,9.916666666679,10.000000000012,46.083333333342,46.166666666675
539:2265,8.791666666679,45.041666666675,train,bii_1000_training_esteso,8.750000000012,8.833333333345,45.000000000009,45.083333333342
535:2266,8.875000000012,45.375000000009,train,bii_1000_training_esteso,8.833333333345,8.916666666679,45.333333333342,45.416666666675
538:2265,8.791666666679,45.125000000009,train,bii_1000_training_esteso,8.750000000012,8.833333333345,45.083333333342,45.166666666675
540:2263,8.625000000012,44.958333333342,train,bii_1000_training_esteso,8.583333333345,8.666666666679,44.916666666675,45.000000000009
548:2302,11.875000000012,44.291666666675,train,bii_1000_training_esteso,11.833333333346,11.916666666679,44.250000000009,44.333333333342
537:2265,8.791666666679,45.208333333342,train,bii_1000_training_esteso,8.750000000012,8.833333333345,45.166666666675,45.250000000009
549:2302,11.875000000012,44.208333333342,train,bii_1000_training_esteso,11.833333333346,11.916666666679,44.166666666675,44.250000000009
527:2279,9.958333333346,46.041666666675,train,bii_1000_training_esteso,9.916666666679,10.000000000012,46.000000000009,46.083333333342
552:2301,11.791666666679,43.958333333342,train,bii_1000_training_esteso,11.750000000012,11.833333333346,43.916666666675,44.000000000009
553:2301,11.791666666679,43.875000000009,train,bii_1000_training_esteso,11.750000000012,11.833333333346,43.833333333342,43.916666666675
554:2301,11.791666666679,43.791666666675,train,bii_1000_training_esteso,11.750000000012,11.833333333346,43.750000000009,43.833333333342
557:2300,11.708333333346,43.541666666675,train,bii_1000_training_esteso,11.666666666679,11.750000000012,43.500000000009,43.583333333342
548:2303,11.958333333346,44.291666666675,train,bii_1000_training_esteso,11.916666666679,12.000000000012,44.250000000009,44.333333333342
550:2302,11.875000000012,44.125000000009,train,bii_1000_training_esteso,11.833333333346,11.916666666679,44.083333333342,44.166666666675
548:2304,12.041666666679,44.291666666675,train,bii_1000_training_esteso,12.000000000012,12.083333333346,44.250000000009,44.333333333342
528:2279,9.958333333346,45.958333333342,train,bii_1000_training_esteso,9.916666666679,10.000000000012,45.916666666675,46.000000000009
536:2265,8.791666666679,45.291666666675,train,bii_1000_training_esteso,8.750000000012,8.833333333345,45.250000000009,45.333333333342
539:2264,8.708333333345,45.041666666675,train,bii_1000_training_esteso,8.666666666679,8.750000000012,45.000000000009,45.083333333342
555:2301,11.791666666679,43.708333333342,train,bii_1000_training_esteso,11.750000000012,11.833333333346,43.666666666675,43.750000000009
548:2305,12.125000000012,44.291666666675,train,bii_1000_training_esteso,12.083333333346,12.166666666679,44.250000000009,44.333333333342
528:2278,9.875000000012,45.958333333342,train,bii_1000_training_esteso,9.833333333346,9.916666666679,45.916666666675,46.000000000009
534:2266,8.875000000012,45.458333333342,train,bii_1000_training_esteso,8.833333333345,8.916666666679,45.416666666675,45.500000000009
524:2278,9.875000000012,46.291666666675,train,bii_1000_training_esteso,9.833333333346,9.916666666679,46.250000000009,46.333333333342
523:2278,9.875000000012,46.375000000009,train,bii_1000_training_esteso,9.833333333346,9.916666666679,46.333333333342,46.416666666675
525:2278,9.875000000012,46.208333333342,train,bii_1000_training_esteso,9.833333333346,9.916666666679,46.166666666675,46.250000000009
548:2306,12.208333333346,44.291666666675,train,bii_1000_training_esteso,12.166666666679,12.250000000012,44.250000000009,44.333333333342
528:2277,9.791666666679,45.958333333342,train,bii_1000_training_esteso,9.750000000012,9.833333333346,45.916666666675,46.000000000009
540:2262,8.541666666679,44.958333333342,train,bii_1000_training_esteso,8.500000000012,8.583333333345,44.916666666675,45.000000000009
551:2302,11.875000000012,44.041666666675,train,bii_1000_training_esteso,11.833333333346,11.916666666679,44.000000000009,44.083333333342
522:2278,9.875000000012,46.458333333342,train,bii_1000_training_esteso,9.833333333346,9.916666666679,46.416666666675,46.500000000009
556:2301,11.791666666679,43.625000000009,train,bii_1000_training_esteso,11.750000000012,11.833333333346,43.583333333342,43.666666666675
526:2278,9.875000000012,46.125000000009,train,bii_1000_training_esteso,9.833333333346,9.916666666679,46.083333333342,46.166666666675
