cell_id,lon,lat,partition,aoi_id,west,east,south,north
15911:68723,10.898611111111,45.801388888889,train,bii_1000_training_esteso,10.897222222222,10.900000000000,45.800000000000,45.802777777778
16096:68036,8.990277777778,45.287500000000,train,bii_1000_training_esteso,8.988888888889,8.991666666667,45.286111111111,45.288888888889
16134:68297,9.715277777778,45.181944444444,train,bii_1000_training_esteso,9.713888888889,9.716666666667,45.180555555556,45.183333333333
16334:68598,10.551388888889,44.626388888889,train,espansione_italia_centro_settentrionale,10.550000000000,10.552777777778,44.625000000000,44.627777777778
15919:68665,10.737500000000,45.779166666667,train,bii_1000_training_esteso,10.736111111111,10.738888888889,45.777777777778,45.780555555556
15669:69025,11.737500000000,46.473611111111,train,bii_1000_training_esteso,11.736111111111,11.738888888889,46.472222222222,46.475000000000
16099:68138,9.273611111111,45.279166666667,train,bii_1000_training_esteso,9.272222222222,9.275000000000,45.277777777778,45.280555555556
16706:68992,11.645833333333,43.593055555556,train,bii_1000_training_esteso,11.644444444444,11.647222222222,43.591666666667,43.594444444444
15731:68703,10.843055555556,46.301388888889,train,bii_1000_training_esteso,10.841666666667,10.844444444444,46.300000000000,46.302777777778
16207:67882,8.562500000000,44.979166666667,train,bii_1000_training_esteso,8.561111111111,8.563888888889,44.977777777778,44.980555555556
16444:68713,10.870833333333,44.320833333333,train,bii_1000_training_esteso,10.869444444444,10.872222222222,44.319444444444,44.322222222222
16723:68692,10.812500000000,43.545833333333,train,bii_1000_training_esteso,10.811111111111,10.813888888889,43.544444444444,43.547222222222
16439:68329,9.804166666667,44.334722222222,train,bii_1000_training_esteso,9.802777777778,9.805555555556,44.333333333333,44.336111111111
16110:68459,10.165277777778,45.248611111111,train,bii_1000_training_esteso,10.163888888889,10.166666666667,45.247222222222,45.250000000000
16280:68354,9.873611111111,44.776388888889,train,bii_1000_training_esteso,9.872222222222,9.875000000000,44.775000000000,44.777777777778
16126:68184,9.401388888889,45.204166666667,train,bii_1000_training_esteso,9.400000000000,9.402777777778,45.202777777778,45.205555555556
16188:68320,9.779166666667,45.031944444444,train,bii_1000_training_esteso,9.777777777778,9.780555555556,45.030555555556,45.033333333333
16572:68827,11.187500000000,43.965277777778,train,bii_1000_training_esteso,11.186111111111,11.188888888889,43.963888888889,43.966666666667
16124:68486,10.240277777778,45.209722222222,train,bii_1000_training_esteso,10.238888888889,10.241666666667,45.208333333333,45.211111111111
16099:68900,11.390277777778,45.279166666667,train,bii_1000_training_esteso,11.388888888889,11.391666666667,45.277777777778,45.280555555556
16627:68551,10.420833333333,43.812500000000,train,espansione_italia_centro_settentrionale,10.419444444444,10.422222222222,43.811111111111,43.813888888889
16408:68164,9.345833333333,44.420833333333,train,bii_1000_training_esteso,9.344444444444,9.347222222222,44.419444444444,44.422222222222
16495:68770,11.029166666667,44.179166666667,train,bii_1000_training_esteso,11.027777777778,11.030555555556,44.177777777778,44.180555555556
16363:68637,10.659722222222,44.545833333333,train,espansione_italia_centro_settentrionale,10.658333333333,10.661111111111,44.544444444444,44.547222222222
16149:68749,10.970833333333,45.140277777778,train,bii_1000_training_esteso,10.969444444444,10.972222222222,45.138888888889,45.141666666667
16460:68887,11.354166666667,44.276388888889,train,bii_1000_training_esteso,11.352777777778,11.355555555556,44.275000000000,44.277777777778
16135:68608,10.579166666667,45.179166666667,train,bii_1000_training_esteso,10.577777777778,10.580555555556,45.177777777778,45.180555555556
15924:68539,10.387500000000,45.765277777778,train,bii_1000_training_esteso,10.386111111111,10.388888888889,45.763888888889,45.766666666667
16606:68762,11.006944444444,43.870833333333,train,bii_1000_training_esteso,11.005555555556,11.008333333333,43.869444444444,43.872222222222
16444:68432,10.090277777778,44.320833333333,train,espansione_italia_centro_settentrionale,10.088888888889,10.091666666667,44.319444444444,44.322222222222
15665:68902,11.395833333333,46.484722222222,train,bii_1000_training_esteso,11.394444444444,11.397222222222,46.483333333333,46.486111111111
16201:68745,10.959722222222,44.995833333333,train,bii_1000_training_esteso,10.958333333333,10.961111111111,44.994444444444,44.997222222222
17123:69749,13.748611111111,42.434722222222,train,abruzzo_gran_sasso,13.747222222222,13.750000000000,42.433333333333,42.436111111111
16297:68884,11.345833333333,44.729166666667,train,bii_1000_training_esteso,11.344444444444,11.347222222222,44.727777777778,44.730555555556
16072:68240,9.556944444444,45.354166666667,train,bii_1000_training_esteso,9.555555555556,9.558333333333,45.352777777778,45.355555555556
16176:68168,9.356944444444,45.065277777778,train,bii_1000_training_esteso,9.355555555556,9.358333333333,45.063888888889,45.066666666667
15824:68674,10.762500000000,46.043055555556,train,bii_1000_training_esteso,10.761111111111,10.763888888889,46.041666666667,46.044444444444
16666:69050,11.806944444444,43.704166666667,train,bii_1000_training_esteso,11.805555555556,11.808333333333,43.702777777778,43.705555555556
15815:68542,10.395833333333,46.068055555556,train,bii_1000_training_esteso,10.394444444444,10.397222222222,46.066666666667,46.069444444444
16589:68936,11.490277777778,43.918055555556,train,bii_1000_training_esteso,11.488888888889,11.491666666667,43.916666666667,43.919444444444
16092:68046,9.018055555556,45.298611111111,train,bii_1000_training_esteso,9.016666666667,9.019444444444,45.297222222222,45.300000000000
16059:69000,11.668055555556,45.390277777778,train,espansione_italia_centro_settentrionale,11.666666666667,11.669444444444,45.388888888889,45.391666666667
16231:68315,9.765277777778,44.912500000000,train,bii_1000_training_esteso,9.763888888889,9.766666666667,44.911111111111,44.913888888889
16186:68361,9.893055555556,45.037500000000,train,bii_1000_training_esteso,9.891666666667,9.894444444444,45.036111111111,45.038888888889
16095:68274,9.651388888889,45.290277777778,train,bii_1000_training_esteso,9.650000000000,9.652777777778,45.288888888889,45.291666666667
16481:68404,10.012500000000,44.218055555556,train,espansione_italia_centro_settentrionale,10.011111111111,10.013888888889,44.216666666667,44.219444444444
16548:68956,11.545833333333,44.031944444444,train,bii_1000_training_esteso,11.544444444444,11.547222222222,44.030555555556,44.033333333333
15740:68841,11.226388888889,46.276388888889,train,trentino_alpi,11.225000000000,11.227777777778,46.275000000000,46.277777777778
16302:68960,11.556944444444,44.715277777778,train,bii_1000_training_esteso,11.555555555556,11.558333333333,44.713888888889,44.716666666667
16193:68553,10.426388888889,45.018055555556,train,bii_1000_training_esteso,10.425000000000,10.427777777778,45.016666666667,45.019444444444
16192:68522,10.340277777778,45.020833333333,train,bii_1000_training_esteso,10.338888888889,10.341666666667,45.019444444444,45.022222222222
16073:68991,11.643055555556,45.351388888889,train,espansione_italia_centro_settentrionale,11.641666666667,11.644444444444,45.350000000000,45.352777777778
16385:68215,9.487500000000,44.484722222222,train,bii_1000_training_esteso,9.486111111111,9.488888888889,44.483333333333,44.486111111111
16450:68240,9.556944444444,44.304166666667,train,liguria_levante,9.555555555556,9.558333333333,44.302777777778,44.305555555556
15709:68862,11.284722222222,46.362500000000,train,bii_1000_training_esteso,11.283333333333,11.286111111111,46.361111111111,46.363888888889
15774:68668,10.745833333333,46.181944444444,train,bii_1000_training_esteso,10.744444444444,10.747222222222,46.180555555556,46.183333333333
16496:68967,11.576388888889,44.176388888889,train,bii_1000_training_esteso,11.575000000000,11.577777777778,44.175000000000,44.177777777778
16305:68142,9.284722222222,44.706944444444,train,bii_1000_training_esteso,9.283333333333,9.286111111111,44.705555555556,44.708333333333
16266:68603,10.565277777778,44.815277777778,train,bii_1000_training_esteso,10.563888888889,10.566666666667,44.813888888889,44.816666666667
16633:68690,10.806944444444,43.795833333333,train,bii_1000_training_esteso,10.805555555556,10.808333333333,43.794444444444,43.797222222222
15847:68366,9.906944444444,45.979166666667,train,bii_1000_training_esteso,9.905555555556,9.908333333333,45.977777777778,45.980555555556
15890:68520,10.334722222222,45.859722222222,train,bii_1000_training_esteso,10.333333333333,10.336111111111,45.858333333333,45.861111111111
15696:68916,11.434722222222,46.398611111111,train,bii_1000_training_esteso,11.433333333333,11.436111111111,46.397222222222,46.400000000000
16072:68435,10.098611111111,45.354166666667,train,bii_1000_training_esteso,10.097222222222,10.100000000000,45.352777777778,45.355555555556
16234:68638,10.662500000000,44.904166666667,train,bii_1000_training_esteso,10.661111111111,10.663888888889,44.902777777778,44.905555555556
16333:68382,9.951388888889,44.629166666667,train,bii_1000_training_esteso,9.950000000000,9.952777777778,44.627777777778,44.630555555556
16141:68499,10.276388888889,45.162500000000,train,bii_1000_training_esteso,10.275000000000,10.277777777778,45.161111111111,45.163888888889
15786:68749,10.970833333333,46.148611111111,train,bii_1000_training_esteso,10.969444444444,10.972222222222,46.147222222222,46.150000000000
16309:68248,9.579166666667,44.695833333333,train,bii_1000_training_esteso,9.577777777778,9.580555555556,44.694444444444,44.697222222222
16203:68618,10.606944444444,44.990277777778,train,bii_1000_training_esteso,10.605555555556,10.608333333333,44.988888888889,44.991666666667
16263:68513,10.315277777778,44.823611111111,train,espansione_italia_centro_settentrionale,10.313888888889,10.316666666667,44.822222222222,44.825000000000
16649:68811,11.143055555556,43.751388888889,train,bii_1000_training_esteso,11.141666666667,11.144444444444,43.750000000000,43.752777777778
16081:68628,10.634722222222,45.329166666667,train,bii_1000_training_esteso,10.633333333333,10.636111111111,45.327777777778,45.330555555556
16620:68617,10.604166666667,43.831944444444,train,bii_1000_training_esteso,10.602777777778,10.605555555556,43.830555555556,43.833333333333
16466:69025,11.737500000000,44.259722222222,train,bii_1000_training_esteso,11.736111111111,11.738888888889,44.258333333333,44.261111111111
15947:68718,10.884722222222,45.701388888889,train,bii_1000_training_esteso,10.883333333333,10.886111111111,45.700000000000,45.702777777778
16266:68384,9.956944444444,44.815277777778,train,bii_1000_training_esteso,9.955555555556,9.958333333333,44.813888888889,44.816666666667
16148:68259,9.609722222222,45.143055555556,train,bii_1000_training_esteso,9.608333333333,9.611111111111,45.141666666667,45.144444444444
16072:68513,10.315277777778,45.354166666667,train,bii_1000_training_esteso,10.313888888889,10.316666666667,45.352777777778,45.355555555556
16380:68324,9.790277777778,44.498611111111,train,bii_1000_training_esteso,9.788888888889,9.791666666667,44.497222222222,44.500000000000
16278:68789,11.081944444444,44.781944444444,train,bii_1000_training_esteso,11.080555555556,11.083333333333,44.780555555556,44.783333333333
16223:67893,8.593055555556,44.934722222222,train,bii_1000_training_esteso,8.591666666667,8.594444444444,44.933333333333,44.936111111111
16259:68364,9.901388888889,44.834722222222,train,bii_1000_training_esteso,9.900000000000,9.902777777778,44.833333333333,44.836111111111
16420:68232,9.534722222222,44.387500000000,train,bii_1000_training_esteso,9.533333333333,9.536111111111,44.386111111111,44.388888888889
16502:68438,10.106944444444,44.159722222222,train,espansione_italia_centro_settentrionale,10.105555555556,10.108333333333,44.158333333333,44.161111111111
15685:68456,10.156944444444,46.429166666667,train,bii_1000_training_esteso,10.155555555556,10.158333333333,46.427777777778,46.430555555556
15874:68616,10.601388888889,45.904166666667,train,bii_1000_training_esteso,10.600000000000,10.602777777778,45.902777777778,45.905555555556
16092:68463,10.176388888889,45.298611111111,train,bii_1000_training_esteso,10.175000000000,10.177777777778,45.297222222222,45.300000000000
16631:68847,11.243055555556,43.801388888889,train,bii_1000_training_esteso,11.241666666667,11.244444444444,43.800000000000,43.802777777778
16294:68440,10.112500000000,44.737500000000,train,espansione_italia_centro_settentrionale,10.111111111111,10.113888888889,44.736111111111,44.738888888889
16090:68490,10.251388888889,45.304166666667,train,bii_1000_training_esteso,10.250000000000,10.252777777778,45.302777777778,45.305555555556
16360:67931,8.698611111111,44.554166666667,train,bii_1000_training_esteso,8.697222222222,8.700000000000,44.552777777778,44.555555555556
16336:67993,8.870833333333,44.620833333333,train,bii_1000_training_esteso,8.869444444444,8.872222222222,44.619444444444,44.622222222222
15977:68747,10.965277777778,45.618055555556,train,bii_1000_training_esteso,10.963888888889,10.966666666667,45.616666666667,45.619444444444
16208:67984,8.845833333333,44.976388888889,train,bii_1000_training_esteso,8.844444444444,8.847222222222,44.975000000000,44.977777777778
16054:68788,11.079166666667,45.404166666667,train,bii_1000_training_esteso,11.077777777778,11.080555555556,45.402777777778,45.405555555556
15936:68748,10.968055555556,45.731944444444,train,bii_1000_training_esteso,10.966666666667,10.969444444444,45.730555555556,45.733333333333
16263:68433,10.093055555556,44.823611111111,train,espansione_italia_centro_settentrionale,10.091666666667,10.094444444444,44.822222222222,44.825000000000
16277:68462,10.173611111111,44.784722222222,train,espansione_italia_centro_settentrionale,10.172222222222,10.175000000000,44.783333333333,44.786111111111
17122:69687,13.576388888889,42.437500000000,train,abruzzo_gran_sasso,13.575000000000,13.577777777778,42.436111111111,42.438888888889
15749:68661,10.726388888889,46.251388888889,train,bii_1000_training_esteso,10.725000000000,10.727777777778,46.250000000000,46.252777777778
15795:68788,11.079166666667,46.123611111111,train,bii_1000_training_esteso,11.077777777778,11.080555555556,46.122222222222,46.125000000000
15698:68422,10.062500000000,46.393055555556,train,bii_1000_training_esteso,10.061111111111,10.063888888889,46.391666666667,46.394444444444
16005:68372,9.923611111111,45.540277777778,train,bii_1000_training_esteso,9.922222222222,9.925000000000,45.538888888889,45.541666666667
15816:68767,11.020833333333,46.065277777778,train,bii_1000_training_esteso,11.019444444444,11.022222222222,46.063888888889,46.066666666667
16035:68829,11.193055555556,45.456944444444,train,espansione_italia_centro_settentrionale,11.191666666667,11.194444444444,45.455555555556,45.458333333333
16404:68405,10.015277777778,44.431944444444,train,espansione_italia_centro_settentrionale,10.013888888889,10.016666666667,44.430555555556,44.433333333333
16298:67984,8.845833333333,44.726388888889,train,bii_1000_training_esteso,8.844444444444,8.847222222222,44.725000000000,44.727777777778
16310:68711,10.865277777778,44.693055555556,train,bii_1000_training_esteso,10.863888888889,10.866666666667,44.691666666667,44.694444444444
16358:68422,10.062500000000,44.559722222222,train,espansione_italia_centro_settentrionale,10.061111111111,10.063888888889,44.558333333333,44.561111111111
16307:68478,10.218055555556,44.701388888889,train,espansione_italia_centro_settentrionale,10.216666666667,10.219444444444,44.700000000000,44.702777777778
18216:70794,16.651388888889,39.398611111111,train,calabria_sila,16.650000000000,16.652777777778,39.397222222222,39.400000000000
16053:68727,10.909722222222,45.406944444444,train,bii_1000_training_esteso,10.908333333333,10.911111111111,45.405555555556,45.408333333333
16264:68708,10.856944444444,44.820833333333,train,bii_1000_training_esteso,10.855555555556,10.858333333333,44.819444444444,44.822222222222
16044:68671,10.754166666667,45.431944444444,train,bii_1000_training_esteso,10.752777777778,10.755555555556,45.430555555556,45.433333333333
16344:68028,8.968055555556,44.598611111111,train,bii_1000_training_esteso,8.966666666667,8.969444444444,44.597222222222,44.600000000000
16423:69177,12.159722222222,44.379166666667,train,bii_1000_training_esteso,12.158333333333,12.161111111111,44.377777777778,44.380555555556
16380:68605,10.570833333333,44.498611111111,train,espansione_italia_centro_settentrionale,10.569444444444,10.572222222222,44.497222222222,44.500000000000
15707:68438,10.106944444444,46.368055555556,train,bii_1000_training_esteso,10.105555555556,10.108333333333,46.366666666667,46.369444444444
15932:68367,9.909722222222,45.743055555556,train,bii_1000_training_esteso,9.908333333333,9.911111111111,45.741666666667,45.744444444444
16249:68548,10.412500000000,44.862500000000,train,espansione_italia_centro_settentrionale,10.411111111111,10.413888888889,44.861111111111,44.863888888889
16333:67929,8.693055555556,44.629166666667,train,bii_1000_training_esteso,8.691666666667,8.694444444444,44.627777777778,44.630555555556
16219:68030,8.973611111111,44.945833333333,train,bii_1000_training_esteso,8.972222222222,8.975000000000,44.944444444444,44.947222222222
16420:68434,10.095833333333,44.387500000000,train,espansione_italia_centro_settentrionale,10.094444444444,10.097222222222,44.386111111111,44.388888888889
16689:69057,11.826388888889,43.640277777778,train,bii_1000_training_esteso,11.825000000000,11.827777777778,43.638888888889,43.641666666667
15672:68671,10.754166666667,46.465277777778,train,bii_1000_training_esteso,10.752777777778,10.755555555556,46.463888888889,46.466666666667
15839:68734,10.929166666667,46.001388888889,train,bii_1000_training_esteso,10.927777777778,10.930555555556,46.000000000000,46.002777777778
16238:68117,9.215277777778,44.893055555556,train,bii_1000_training_esteso,9.213888888889,9.216666666667,44.891666666667,44.894444444444
16070:68052,9.034722222222,45.359722222222,train,bii_1000_training_esteso,9.033333333333,9.036111111111,45.358333333333,45.361111111111
15867:68547,10.409722222222,45.923611111111,train,bii_1000_training_esteso,10.408333333333,10.411111111111,45.922222222222,45.925000000000
16541:68749,10.970833333333,44.051388888889,train,bii_1000_training_esteso,10.969444444444,10.972222222222,44.050000000000,44.052777777778
15845:68668,10.745833333333,45.984722222222,train,bii_1000_training_esteso,10.744444444444,10.747222222222,45.983333333333,45.986111111111
16289:68122,9.229166666667,44.751388888889,train,bii_1000_training_esteso,9.227777777778,9.230555555556,44.750000000000,44.752777777778
16519:68758,10.995833333333,44.112500000000,train,bii_1000_training_esteso,10.994444444444,10.997222222222,44.111111111111,44.113888888889
15978:68458,10.162500000000,45.615277777778,train,bii_1000_training_esteso,10.161111111111,10.163888888889,45.613888888889,45.616666666667
17089:69677,13.548611111111,42.529166666667,train,abruzzo_gran_sasso,13.547222222222,13.550000000000,42.527777777778,42.530555555556
16401:68437,10.104166666667,44.440277777778,train,espansione_italia_centro_settentrionale,10.102777777778,10.105555555556,44.438888888889,44.441666666667
16238:68487,10.243055555556,44.893055555556,train,espansione_italia_centro_settentrionale,10.241666666667,10.244444444444,44.891666666667,44.894444444444
16050:68409,10.026388888889,45.415277777778,train,bii_1000_training_esteso,10.025000000000,10.027777777778,45.413888888889,45.416666666667
16453:68748,10.968055555556,44.295833333333,train,bii_1000_training_esteso,10.966666666667,10.969444444444,44.294444444444,44.297222222222
16371:68778,11.051388888889,44.523611111111,train,bii_1000_training_esteso,11.050000000000,11.052777777778,44.522222222222,44.525000000000
15727:68935,11.487500000000,46.312500000000,train,bii_1000_training_esteso,11.486111111111,11.488888888889,46.311111111111,46.313888888889
16201:67949,8.748611111111,44.995833333333,train,bii_1000_training_esteso,8.747222222222,8.750000000000,44.994444444444,44.997222222222
16090:68857,11.270833333333,45.304166666667,train,bii_1000_training_esteso,11.269444444444,11.272222222222,45.302777777778,45.305555555556
16175:68435,10.098611111111,45.068055555556,train,bii_1000_training_esteso,10.097222222222,10.100000000000,45.066666666667,45.069444444444
16607:68841,11.226388888889,43.868055555556,train,bii_1000_training_esteso,11.225000000000,11.227777777778,43.866666666667,43.869444444444
16299:68066,9.073611111111,44.723611111111,train,bii_1000_training_esteso,9.072222222222,9.075000000000,44.722222222222,44.725000000000
15716:68680,10.779166666667,46.343055555556,train,bii_1000_training_esteso,10.777777777778,10.780555555556,46.341666666667,46.344444444444
15759:68929,11.470833333333,46.223611111111,train,bii_1000_training_esteso,11.469444444444,11.472222222222,46.222222222222,46.225000000000
16078:68968,11.579166666667,45.337500000000,train,espansione_italia_centro_settentrionale,11.577777777778,11.580555555556,45.336111111111,45.338888888889
16160:68046,9.018055555556,45.109722222222,train,bii_1000_training_esteso,9.016666666667,9.019444444444,45.108333333333,45.111111111111
15765:68866,11.295833333333,46.206944444444,train,bii_1000_training_esteso,11.294444444444,11.297222222222,46.205555555556,46.208333333333
15973:68317,9.770833333333,45.629166666667,train,bii_1000_training_esteso,9.769444444444,9.772222222222,45.627777777778,45.630555555556
16344:67965,8.793055555556,44.598611111111,train,bii_1000_training_esteso,8.791666666667,8.794444444444,44.597222222222,44.600000000000
16524:68907,11.409722222222,44.098611111111,train,bii_1000_training_esteso,11.408333333333,11.411111111111,44.097222222222,44.100000000000
16586:69051,11.809722222222,43.926388888889,train,bii_1000_training_esteso,11.808333333333,11.811111111111,43.925000000000,43.927777777778
16046:68248,9.579166666667,45.426388888889,train,bii_1000_training_esteso,9.577777777778,9.580555555556,45.425000000000,45.427777777778
16109:68107,9.187500000000,45.251388888889,train,bii_1000_training_esteso,9.186111111111,9.188888888889,45.250000000000,45.252777777778
16325:68090,9.140277777778,44.651388888889,train,bii_1000_training_esteso,9.138888888889,9.141666666667,44.650000000000,44.652777777778
15879:68695,10.820833333333,45.890277777778,train,bii_1000_training_esteso,10.819444444444,10.822222222222,45.888888888889,45.891666666667
16017:68690,10.806944444444,45.506944444444,train,bii_1000_training_esteso,10.805555555556,10.808333333333,45.505555555556,45.508333333333
17105:69698,13.606944444444,42.484722222222,train,abruzzo_gran_sasso,13.605555555556,13.608333333333,42.483333333333,42.486111111111
16167:68222,9.506944444444,45.090277777778,train,bii_1000_training_esteso,9.505555555556,9.508333333333,45.088888888889,45.091666666667
16222:68174,9.373611111111,44.937500000000,train,bii_1000_training_esteso,9.372222222222,9.375000000000,44.936111111111,44.938888888889
16685:68671,10.754166666667,43.651388888889,train,bii_1000_training_esteso,10.752777777778,10.755555555556,43.650000000000,43.652777777778
16457:69124,12.012500000000,44.284722222222,train,bii_1000_training_esteso,12.011111111111,12.013888888889,44.283333333333,44.286111111111
16698:68769,11.026388888889,43.615277777778,train,bii_1000_training_esteso,11.025000000000,11.027777777778,43.613888888889,43.616666666667
15733:68941,11.504166666667,46.295833333333,train,bii_1000_training_esteso,11.502777777778,11.505555555556,46.294444444444,46.297222222222
16272:68560,10.445833333333,44.798611111111,train,espansione_italia_centro_settentrionale,10.444444444444,10.447222222222,44.797222222222,44.800000000000
16387:68487,10.243055555556,44.479166666667,train,espansione_italia_centro_settentrionale,10.241666666667,10.244444444444,44.477777777778,44.480555555556
16646:68759,10.998611111111,43.759722222222,train,bii_1000_training_esteso,10.997222222222,11.000000000000,43.758333333333,43.761111111111
16067:68098,9.162500000000,45.368055555556,train,bii_1000_training_esteso,9.161111111111,9.163888888889,45.366666666667,45.369444444444
16438:68739,10.943055555556,44.337500000000,train,bii_1000_training_esteso,10.941666666667,10.944444444444,44.336111111111,44.338888888889
16088:68249,9.581944444444,45.309722222222,train,bii_1000_training_esteso,9.580555555556,9.583333333333,45.308333333333,45.311111111111
16291:67891,8.587500000000,44.745833333333,train,bii_1000_training_esteso,8.586111111111,8.588888888889,44.744444444444,44.747222222222
15840:68714,10.873611111111,45.998611111111,train,bii_1000_training_esteso,10.872222222222,10.875000000000,45.997222222222,46.000000000000
16655:68968,11.579166666667,43.734722222222,train,bii_1000_training_esteso,11.577777777778,11.580555555556,43.733333333333,43.736111111111
16010:68819,11.165277777778,45.526388888889,train,bii_1000_training_esteso,11.163888888889,11.166666666667,45.525000000000,45.527777777778
16143:68471,10.198611111111,45.156944444444,train,bii_1000_training_esteso,10.197222222222,10.200000000000,45.155555555556,45.158333333333
16110:68053,9.037500000000,45.248611111111,train,bii_1000_training_esteso,9.036111111111,9.038888888889,45.247222222222,45.250000000000
15706:68894,11.373611111111,46.370833333333,train,bii_1000_training_esteso,11.372222222222,11.375000000000,46.369444444444,46.372222222222
16212:68681,10.781944444444,44.965277777778,train,bii_1000_training_esteso,10.780555555556,10.783333333333,44.963888888889,44.966666666667
16117:68619,10.609722222222,45.229166666667,train,bii_1000_training_esteso,10.608333333333,10.611111111111,45.227777777778,45.230555555556
16328:68506,10.295833333333,44.643055555556,train,espansione_italia_centro_settentrionale,10.294444444444,10.297222222222,44.641666666667,44.644444444444
15718:68658,10.718055555556,46.337500000000,train,bii_1000_training_esteso,10.716666666667,10.719444444444,46.336111111111,46.338888888889
16161:68287,9.687500000000,45.106944444444,train,bii_1000_training_esteso,9.686111111111,9.688888888889,45.105555555556,45.108333333333
16618:68758,10.995833333333,43.837500000000,train,bii_1000_training_esteso,10.994444444444,10.997222222222,43.836111111111,43.838888888889
16696:68818,11.162500000000,43.620833333333,train,bii_1000_training_esteso,11.161111111111,11.163888888889,43.619444444444,43.622222222222
16448:68275,9.654166666667,44.309722222222,train,bii_1000_training_esteso,9.652777777778,9.655555555556,44.308333333333,44.311111111111
16270:67974,8.818055555556,44.804166666667,train,bii_1000_training_esteso,8.816666666667,8.819444444444,44.802777777778,44.805555555556
16251:68255,9.598611111111,44.856944444444,train,bii_1000_training_esteso,9.597222222222,9.600000000000,44.855555555556,44.858333333333
16285:67991,8.865277777778,44.762500000000,train,bii_1000_training_esteso,8.863888888889,8.866666666667,44.761111111111,44.763888888889
18839:69736,13.712500000000,37.668055555556,train,sicilia_interna,13.711111111111,13.713888888889,37.666666666667,37.669444444444
16063:68270,9.640277777778,45.379166666667,train,bii_1000_training_esteso,9.638888888889,9.641666666667,45.377777777778,45.380555555556
16245:68065,9.070833333333,44.873611111111,train,bii_1000_training_esteso,9.069444444444,9.072222222222,44.872222222222,44.875000000000
16367:68502,10.284722222222,44.534722222222,train,espansione_italia_centro_settentrionale,10.283333333333,10.286111111111,44.533333333333,44.536111111111
16186:68771,11.031944444444,45.037500000000,train,bii_1000_training_esteso,11.030555555556,11.033333333333,45.036111111111,45.038888888889
16525:68407,10.020833333333,44.095833333333,train,espansione_italia_centro_settentrionale,10.019444444444,10.022222222222,44.094444444444,44.097222222222
16172:68148,9.301388888889,45.076388888889,train,bii_1000_training_esteso,9.300000000000,9.302777777778,45.075000000000,45.077777777778
16410:68091,9.143055555556,44.415277777778,train,bii_1000_training_esteso,9.141666666667,9.144444444444,44.413888888889,44.416666666667
15675:68823,11.176388888889,46.456944444444,train,bii_1000_training_esteso,11.175000000000,11.177777777778,46.455555555556,46.458333333333
16611:69002,11.673611111111,43.856944444444,train,bii_1000_training_esteso,11.672222222222,11.675000000000,43.855555555556,43.858333333333
15760:68802,11.118055555556,46.220833333333,train,bii_1000_training_esteso,11.116666666667,11.119444444444,46.219444444444,46.222222222222
16523:68828,11.190277777778,44.101388888889,train,bii_1000_training_esteso,11.188888888889,11.191666666667,44.100000000000,44.102777777778
16619:68854,11.262500000000,43.834722222222,train,bii_1000_training_esteso,11.261111111111,11.263888888889,43.833333333333,43.836111111111
15713:68569,10.470833333333,46.351388888889,train,bii_1000_training_esteso,10.469444444444,10.472222222222,46.350000000000,46.352777777778
16558:68845,11.237500000000,44.004166666667,train,bii_1000_training_esteso,11.236111111111,11.238888888889,44.002777777778,44.005555555556
16261:68093,9.148611111111,44.829166666667,train,bii_1000_training_esteso,9.147222222222,9.150000000000,44.827777777778,44.830555555556
16552:68721,10.893055555556,44.020833333333,train,bii_1000_training_esteso,10.891666666667,10.894444444444,44.019444444444,44.022222222222
16138:68802,11.118055555556,45.170833333333,train,bii_1000_training_esteso,11.116666666667,11.119444444444,45.169444444444,45.172222222222
15741:68426,10.073611111111,46.273611111111,train,bii_1000_training_esteso,10.072222222222,10.075000000000,46.272222222222,46.275000000000
15763:68583,10.509722222222,46.212500000000,train,bii_1000_training_esteso,10.508333333333,10.511111111111,46.211111111111,46.213888888889
15825:68663,10.731944444444,46.040277777778,train,bii_1000_training_esteso,10.730555555556,10.733333333333,46.038888888889,46.041666666667
16017:68491,10.254166666667,45.506944444444,train,bii_1000_training_esteso,10.252777777778,10.255555555556,45.505555555556,45.508333333333
16437:68728,10.912500000000,44.340277777778,train,bii_1000_training_esteso,10.911111111111,10.913888888889,44.338888888889,44.341666666667
18831:69754,13.762500000000,37.690277777778,train,sicilia_interna,13.761111111111,13.763888888889,37.688888888889,37.691666666667
16734:68763,11.009722222222,43.515277777778,train,bii_1000_training_esteso,11.008333333333,11.011111111111,43.513888888889,43.516666666667
16310:68780,11.056944444444,44.693055555556,train,bii_1000_training_esteso,11.055555555556,11.058333333333,44.691666666667,44.694444444444
16276:68533,10.370833333333,44.787500000000,train,espansione_italia_centro_settentrionale,10.369444444444,10.372222222222,44.786111111111,44.788888888889
16358:68129,9.248611111111,44.559722222222,train,bii_1000_training_esteso,9.247222222222,9.250000000000,44.558333333333,44.561111111111
15936:68828,11.190277777778,45.731944444444,train,bii_1000_training_esteso,11.188888888889,11.191666666667,45.730555555556,45.733333333333
16364:68197,9.437500000000,44.543055555556,train,bii_1000_training_esteso,9.436111111111,9.438888888889,44.541666666667,44.544444444444
16442:68284,9.679166666667,44.326388888889,train,bii_1000_training_esteso,9.677777777778,9.680555555556,44.325000000000,44.327777777778
15761:68524,10.345833333333,46.218055555556,train,bii_1000_training_esteso,10.344444444444,10.347222222222,46.216666666667,46.219444444444
16343:68108,9.190277777778,44.601388888889,train,bii_1000_training_esteso,9.188888888889,9.191666666667,44.600000000000,44.602777777778
16235:67981,8.837500000000,44.901388888889,train,bii_1000_training_esteso,8.836111111111,8.838888888889,44.900000000000,44.902777777778
16664:68645,10.681944444444,43.709722222222,train,bii_1000_training_esteso,10.680555555556,10.683333333333,43.708333333333,43.711111111111
16410:68678,10.773611111111,44.415277777778,train,bii_1000_training_esteso,10.772222222222,10.775000000000,44.413888888889,44.416666666667
16663:68796,11.101388888889,43.712500000000,train,bii_1000_training_esteso,11.100000000000,11.102777777778,43.711111111111,43.713888888889
16258:68182,9.395833333333,44.837500000000,train,bii_1000_training_esteso,9.394444444444,9.397222222222,44.836111111111,44.838888888889
15664:69052,11.812500000000,46.487500000000,train,bii_1000_training_esteso,11.811111111111,11.813888888889,46.486111111111,46.488888888889
18267:70750,16.529166666667,39.256944444444,train,calabria_sila,16.527777777778,16.530555555556,39.255555555556,39.258333333333
15990:68543,10.398611111111,45.581944444444,train,bii_1000_training_esteso,10.397222222222,10.400000000000,45.580555555556,45.583333333333
15738:68770,11.029166666667,46.281944444444,train,bii_1000_training_esteso,11.027777777778,11.030555555556,46.280555555556,46.283333333333
16346:68756,10.990277777778,44.593055555556,train,bii_1000_training_esteso,10.988888888889,10.991666666667,44.591666666667,44.594444444444
16490:68919,11.443055555556,44.193055555556,train,bii_1000_training_esteso,11.441666666667,11.444444444444,44.191666666667,44.194444444444
16561:68792,11.090277777778,43.995833333333,train,bii_1000_training_esteso,11.088888888889,11.091666666667,43.994444444444,43.997222222222
16216:68152,9.312500000000,44.954166666667,train,bii_1000_training_esteso,9.311111111111,9.313888888889,44.952777777778,44.955555555556
16056:69084,11.901388888889,45.398611111111,train,espansione_italia_centro_settentrionale,11.900000000000,11.902777777778,45.397222222222,45.400000000000
16294:68548,10.412500000000,44.737500000000,train,espansione_italia_centro_settentrionale,10.411111111111,10.413888888889,44.736111111111,44.738888888889
16166:68161,9.337500000000,45.093055555556,train,bii_1000_training_esteso,9.336111111111,9.338888888889,45.091666666667,45.094444444444
15928:68494,10.262500000000,45.754166666667,train,bii_1000_training_esteso,10.261111111111,10.263888888889,45.752777777778,45.755555555556
16623:68500,10.279166666667,43.823611111111,train,espansione_italia_centro_settentrionale,10.277777777778,10.280555555556,43.822222222222,43.825000000000
16376:68159,9.331944444444,44.509722222222,train,bii_1000_training_esteso,9.330555555556,9.333333333333,44.508333333333,44.511111111111
16604:68956,11.545833333333,43.876388888889,train,bii_1000_training_esteso,11.544444444444,11.547222222222,43.875000000000,43.877777777778
16373:68681,10.781944444444,44.518055555556,train,bii_1000_training_esteso,10.780555555556,10.783333333333,44.516666666667,44.519444444444
16046:68350,9.862500000000,45.426388888889,train,bii_1000_training_esteso,9.861111111111,9.863888888889,45.425000000000,45.427777777778
16440:69067,11.854166666667,44.331944444444,train,bii_1000_training_esteso,11.852777777778,11.855555555556,44.330555555556,44.333333333333
16453:68407,10.020833333333,44.295833333333,train,espansione_italia_centro_settentrionale,10.019444444444,10.022222222222,44.294444444444,44.297222222222
16386:68505,10.293055555556,44.481944444444,train,espansione_italia_centro_settentrionale,10.291666666667,10.294444444444,44.480555555556,44.483333333333
16544:69069,11.859722222222,44.043055555556,train,bii_1000_training_esteso,11.858333333333,11.861111111111,44.041666666667,44.044444444444
16368:68243,9.565277777778,44.531944444444,train,bii_1000_training_esteso,9.563888888889,9.566666666667,44.530555555556,44.533333333333
16281:68630,10.640277777778,44.773611111111,train,bii_1000_training_esteso,10.638888888889,10.641666666667,44.772222222222,44.775000000000
16334:68320,9.779166666667,44.626388888889,train,bii_1000_training_esteso,9.777777777778,9.780555555556,44.625000000000,44.627777777778
15975:68698,10.829166666667,45.623611111111,train,bii_1000_training_esteso,10.827777777778,10.830555555556,45.622222222222,45.625000000000
16349:68343,9.843055555556,44.584722222222,train,bii_1000_training_esteso,9.841666666667,9.844444444444,44.583333333333,44.586111111111
16105:68171,9.365277777778,45.262500000000,train,bii_1000_training_esteso,9.363888888889,9.366666666667,45.261111111111,45.263888888889
16680:68543,10.398611111111,43.665277777778,train,bii_1000_training_esteso,10.397222222222,10.400000000000,43.663888888889,43.666666666667
16046:68286,9.684722222222,45.426388888889,train,bii_1000_training_esteso,9.683333333333,9.686111111111,45.425000000000,45.427777777778
16140:68669,10.748611111111,45.165277777778,train,bii_1000_training_esteso,10.747222222222,10.750000000000,45.163888888889,45.166666666667
16149:68433,10.093055555556,45.140277777778,train,bii_1000_training_esteso,10.091666666667,10.094444444444,45.138888888889,45.141666666667
16143:68534,10.373611111111,45.156944444444,train,bii_1000_training_esteso,10.372222222222,10.375000000000,45.155555555556,45.158333333333
16257:68817,11.159722222222,44.840277777778,train,bii_1000_training_esteso,11.158333333333,11.161111111111,44.838888888889,44.841666666667
16390:67882,8.562500000000,44.470833333333,train,bii_1000_training_esteso,8.561111111111,8.563888888889,44.469444444444,44.472222222222
16610:68986,11.629166666667,43.859722222222,train,bii_1000_training_esteso,11.627777777778,11.630555555556,43.858333333333,43.861111111111
15745:68447,10.131944444444,46.262500000000,train,bii_1000_training_esteso,10.130555555556,10.133333333333,46.261111111111,46.263888888889
16589:68768,11.023611111111,43.918055555556,train,bii_1000_training_esteso,11.022222222222,11.025000000000,43.916666666667,43.919444444444
15802:68365,9.904166666667,46.104166666667,train,bii_1000_training_esteso,9.902777777778,9.905555555556,46.102777777778,46.105555555556
15977:68271,9.643055555556,45.618055555556,train,bii_1000_training_esteso,9.641666666667,9.644444444444,45.616666666667,45.619444444444
17744:67833,8.426388888889,40.709722222222,train,sardegna_costiera,8.425000000000,8.427777777778,40.708333333333,40.711111111111
15811:68812,11.145833333333,46.079166666667,train,bii_1000_training_esteso,11.144444444444,11.147222222222,46.077777777778,46.080555555556
15923:68341,9.837500000000,45.768055555556,train,bii_1000_training_esteso,9.836111111111,9.838888888889,45.766666666667,45.769444444444
15803:68717,10.881944444444,46.101388888889,train,bii_1000_training_esteso,10.880555555556,10.883333333333,46.100000000000,46.102777777778
16057:69104,11.956944444444,45.395833333333,train,espansione_italia_centro_settentrionale,11.955555555556,11.958333333333,45.394444444444,45.397222222222
17074:69748,13.745833333333,42.570833333333,train,abruzzo_gran_sasso,13.744444444444,13.747222222222,42.569444444444,42.572222222222
16175:68118,9.218055555556,45.068055555556,train,bii_1000_training_esteso,9.216666666667,9.219444444444,45.066666666667,45.069444444444
15829:68423,10.065277777778,46.029166666667,train,bii_1000_training_esteso,10.063888888889,10.066666666667,46.027777777778,46.030555555556
16085:69110,11.973611111111,45.318055555556,train,espansione_italia_centro_settentrionale,11.972222222222,11.975000000000,45.316666666667,45.319444444444
16626:68996,11.656944444444,43.815277777778,train,bii_1000_training_esteso,11.655555555556,11.658333333333,43.813888888889,43.816666666667
16503:68694,10.818055555556,44.156944444444,train,bii_1000_training_esteso,10.816666666667,10.819444444444,44.155555555556,44.158333333333
16070:68485,10.237500000000,45.359722222222,train,bii_1000_training_esteso,10.236111111111,10.238888888889,45.358333333333,45.361111111111
15678:68383,9.954166666667,46.448611111111,train,bii_1000_training_esteso,9.952777777778,9.955555555556,46.447222222222,46.450000000000
16257:67873,8.537500000000,44.840277777778,train,bii_1000_training_esteso,8.536111111111,8.538888888889,44.838888888889,44.841666666667
16469:68835,11.209722222222,44.251388888889,train,bii_1000_training_esteso,11.208333333333,11.211111111111,44.250000000000,44.252777777778
16152:67963,8.787500000000,45.131944444444,train,bii_1000_training_esteso,8.786111111111,8.788888888889,45.130555555556,45.133333333333
16151:68671,10.754166666667,45.134722222222,train,bii_1000_training_esteso,10.752777777778,10.755555555556,45.133333333333,45.136111111111
15845:68874,11.318055555556,45.984722222222,train,bii_1000_training_esteso,11.316666666667,11.319444444444,45.983333333333,45.986111111111
16365:68399,9.998611111111,44.540277777778,train,bii_1000_training_esteso,9.997222222222,10.000000000000,44.538888888889,44.541666666667
16186:68307,9.743055555556,45.037500000000,train,bii_1000_training_esteso,9.741666666667,9.744444444444,45.036111111111,45.038888888889
16415:68622,10.618055555556,44.401388888889,train,espansione_italia_centro_settentrionale,10.616666666667,10.619444444444,44.400000000000,44.402777777778
16390:67940,8.723611111111,44.470833333333,train,bii_1000_training_esteso,8.722222222222,8.725000000000,44.469444444444,44.472222222222
15965:68532,10.368055555556,45.651388888889,train,bii_1000_training_esteso,10.366666666667,10.369444444444,45.650000000000,45.652777777778
16010:68321,9.781944444444,45.526388888889,train,bii_1000_training_esteso,9.780555555556,9.783333333333,45.525000000000,45.527777777778
15743:68471,10.198611111111,46.268055555556,train,bii_1000_training_esteso,10.197222222222,10.200000000000,46.266666666667,46.269444444444
15689:68864,11.290277777778,46.418055555556,train,bii_1000_training_esteso,11.288888888889,11.291666666667,46.416666666667,46.419444444444
16300:68797,11.104166666667,44.720833333333,train,bii_1000_training_esteso,11.102777777778,11.105555555556,44.719444444444,44.722222222222
16394:67910,8.640277777778,44.459722222222,train,bii_1000_training_esteso,8.638888888889,8.641666666667,44.458333333333,44.461111111111
15912:68672,10.756944444444,45.798611111111,train,bii_1000_training_esteso,10.755555555556,10.758333333333,45.797222222222,45.800000000000
16402:68103,9.176388888889,44.437500000000,train,bii_1000_training_esteso,9.175000000000,9.177777777778,44.436111111111,44.438888888889
16416:69082,11.895833333333,44.398611111111,train,bii_1000_training_esteso,11.894444444444,11.897222222222,44.397222222222,44.400000000000
16051:68931,11.476388888889,45.412500000000,train,espansione_italia_centro_settentrionale,11.475000000000,11.477777777778,45.411111111111,45.413888888889
16443:69187,12.187500000000,44.323611111111,train,bii_1000_training_esteso,12.186111111111,12.188888888889,44.322222222222,44.325000000000
16199:68844,11.234722222222,45.001388888889,train,bii_1000_training_esteso,11.233333333333,11.236111111111,45.000000000000,45.002777777778
15789:68803,11.120833333333,46.140277777778,train,bii_1000_training_esteso,11.119444444444,11.122222222222,46.138888888889,46.141666666667
15791:68822,11.173611111111,46.134722222222,train,bii_1000_training_esteso,11.172222222222,11.175000000000,46.133333333333,46.136111111111
16690:68608,10.579166666667,43.637500000000,train,bii_1000_training_esteso,10.577777777778,10.580555555556,43.636111111111,43.638888888889
15837:68607,10.576388888889,46.006944444444,train,bii_1000_training_esteso,10.575000000000,10.577777777778,46.005555555556,46.008333333333
16040:68570,10.473611111111,45.443055555556,train,bii_1000_training_esteso,10.472222222222,10.475000000000,45.441666666667,45.444444444444
16422:68266,9.629166666667,44.381944444444,train,bii_1000_training_esteso,9.627777777778,9.630555555556,44.380555555556,44.383333333333
16365:69054,11.818055555556,44.540277777778,train,bii_1000_training_esteso,11.816666666667,11.819444444444,44.538888888889,44.541666666667
16217:68561,10.448611111111,44.951388888889,train,bii_1000_training_esteso,10.447222222222,10.450000000000,44.950000000000,44.952777777778
15949:68793,11.093055555556,45.695833333333,train,bii_1000_training_esteso,11.091666666667,11.094444444444,45.694444444444,45.697222222222
16404:69093,11.926388888889,44.431944444444,train,bii_1000_training_esteso,11.925000000000,11.927777777778,44.430555555556,44.433333333333
15669:68502,10.284722222222,46.473611111111,train,bii_1000_training_esteso,10.283333333333,10.286111111111,46.472222222222,46.475000000000
15948:68393,9.981944444444,45.698611111111,train,bii_1000_training_esteso,9.980555555556,9.983333333333,45.697222222222,45.700000000000
16592:69034,11.762500000000,43.909722222222,train,bii_1000_training_esteso,11.761111111111,11.763888888889,43.908333333333,43.911111111111
15808:68401,10.004166666667,46.087500000000,train,bii_1000_training_esteso,10.002777777778,10.005555555556,46.086111111111,46.088888888889
15980:68494,10.262500000000,45.609722222222,train,bii_1000_training_esteso,10.261111111111,10.263888888889,45.608333333333,45.611111111111
16348:68265,9.626388888889,44.587500000000,train,bii_1000_training_esteso,9.625000000000,9.627777777778,44.586111111111,44.588888888889
16059:68688,10.801388888889,45.390277777778,train,bii_1000_training_esteso,10.800000000000,10.802777777778,45.388888888889,45.391666666667
16668:68782,11.062500000000,43.698611111111,train,bii_1000_training_esteso,11.061111111111,11.063888888889,43.697222222222,43.700000000000
16377:68575,10.487500000000,44.506944444444,train,espansione_italia_centro_settentrionale,10.486111111111,10.488888888889,44.505555555556,44.508333333333
16286:68415,10.043055555556,44.759722222222,train,espansione_italia_centro_settentrionale,10.041666666667,10.044444444444,44.758333333333,44.761111111111
16402:68295,9.709722222222,44.437500000000,train,bii_1000_training_esteso,9.708333333333,9.711111111111,44.436111111111,44.438888888889
15999:68297,9.715277777778,45.556944444444,train,bii_1000_training_esteso,9.713888888889,9.716666666667,45.555555555556,45.558333333333
15780:68875,11.320833333333,46.165277777778,train,bii_1000_training_esteso,11.319444444444,11.322222222222,46.163888888889,46.166666666667
16397:68023,8.954166666667,44.451388888889,train,bii_1000_training_esteso,8.952777777778,8.955555555556,44.450000000000,44.452777777778
16075:68392,9.979166666667,45.345833333333,train,bii_1000_training_esteso,9.977777777778,9.980555555556,45.344444444444,45.347222222222
15985:68590,10.529166666667,45.595833333333,train,bii_1000_training_esteso,10.527777777778,10.530555555556,45.594444444444,45.597222222222
16192:68477,10.215277777778,45.020833333333,train,bii_1000_training_esteso,10.213888888889,10.216666666667,45.019444444444,45.022222222222
16294:68173,9.370833333333,44.737500000000,train,bii_1000_training_esteso,9.369444444444,9.372222222222,44.736111111111,44.738888888889
16163:67997,8.881944444444,45.101388888889,train,bii_1000_training_esteso,8.880555555556,8.883333333333,45.100000000000,45.102777777778
16399:68521,10.337500000000,44.445833333333,train,espansione_italia_centro_settentrionale,10.336111111111,10.338888888889,44.444444444444,44.447222222222
15732:68577,10.493055555556,46.298611111111,train,bii_1000_training_esteso,10.491666666667,10.494444444444,46.297222222222,46.300000000000
15940:68401,10.004166666667,45.720833333333,train,bii_1000_training_esteso,10.002777777778,10.005555555556,45.719444444444,45.722222222222
18222:70821,16.726388888889,39.381944444444,train,calabria_sila,16.725000000000,16.727777777778,39.380555555556,39.383333333333
16306:68319,9.776388888889,44.704166666667,train,bii_1000_training_esteso,9.775000000000,9.777777777778,44.702777777778,44.705555555556
16419:68768,11.023611111111,44.390277777778,train,bii_1000_training_esteso,11.022222222222,11.025000000000,44.388888888889,44.391666666667
16143:68312,9.756944444444,45.156944444444,train,bii_1000_training_esteso,9.755555555556,9.758333333333,45.155555555556,45.158333333333
16313:68689,10.804166666667,44.684722222222,train,bii_1000_training_esteso,10.802777777778,10.805555555556,44.683333333333,44.686111111111
16426:68129,9.248611111111,44.370833333333,train,bii_1000_training_esteso,9.247222222222,9.250000000000,44.369444444444,44.372222222222
16621:68863,11.287500000000,43.829166666667,train,bii_1000_training_esteso,11.286111111111,11.288888888889,43.827777777778,43.830555555556
16514:68992,11.645833333333,44.126388888889,train,bii_1000_training_esteso,11.644444444444,11.647222222222,44.125000000000,44.127777777778
16453:68467,10.187500000000,44.295833333333,train,espansione_italia_centro_settentrionale,10.186111111111,10.188888888889,44.294444444444,44.297222222222
16664:68621,10.615277777778,43.709722222222,train,bii_1000_training_esteso,10.613888888889,10.616666666667,43.708333333333,43.711111111111
16131:68423,10.065277777778,45.190277777778,train,bii_1000_training_esteso,10.063888888889,10.066666666667,45.188888888889,45.191666666667
16416:68574,10.484722222222,44.398611111111,train,espansione_italia_centro_settentrionale,10.483333333333,10.486111111111,44.397222222222,44.400000000000
15769:68769,11.026388888889,46.195833333333,train,bii_1000_training_esteso,11.025000000000,11.027777777778,46.194444444444,46.197222222222
15664:69080,11.890277777778,46.487500000000,train,bii_1000_training_esteso,11.888888888889,11.891666666667,46.486111111111,46.488888888889
15686:68632,10.645833333333,46.426388888889,train,bii_1000_training_esteso,10.644444444444,10.647222222222,46.425000000000,46.427777777778
15988:68292,9.701388888889,45.587500000000,train,bii_1000_training_esteso,9.700000000000,9.702777777778,45.586111111111,45.588888888889
15848:68375,9.931944444444,45.976388888889,train,bii_1000_training_esteso,9.930555555556,9.933333333333,45.975000000000,45.977777777778
16398:68781,11.059722222222,44.448611111111,train,bii_1000_training_esteso,11.058333333333,11.061111111111,44.447222222222,44.450000000000
16404:68055,9.043055555556,44.431944444444,train,bii_1000_training_esteso,9.041666666667,9.044444444444,44.430555555556,44.433333333333
16078:68139,9.276388888889,45.337500000000,train,bii_1000_training_esteso,9.275000000000,9.277777777778,45.336111111111,45.338888888889
16444:68386,9.962500000000,44.320833333333,train,bii_1000_training_esteso,9.961111111111,9.963888888889,44.319444444444,44.322222222222
16001:68736,10.934722222222,45.551388888889,train,bii_1000_training_esteso,10.933333333333,10.936111111111,45.550000000000,45.552777777778
16299:68656,10.712500000000,44.723611111111,train,bii_1000_training_esteso,10.711111111111,10.713888888889,44.722222222222,44.725000000000
15863:68581,10.504166666667,45.934722222222,train,bii_1000_training_esteso,10.502777777778,10.505555555556,45.933333333333,45.936111111111
16656:68702,10.840277777778,43.731944444444,train,bii_1000_training_esteso,10.838888888889,10.841666666667,43.730555555556,43.733333333333
16221:68702,10.840277777778,44.940277777778,train,bii_1000_training_esteso,10.838888888889,10.841666666667,44.938888888889,44.941666666667
16571:68944,11.512500000000,43.968055555556,train,bii_1000_training_esteso,11.511111111111,11.513888888889,43.966666666667,43.969444444444
15855:68737,10.937500000000,45.956944444444,train,bii_1000_training_esteso,10.936111111111,10.938888888889,45.955555555556,45.958333333333
15710:68356,9.879166666667,46.359722222222,train,bii_1000_training_esteso,9.877777777778,9.880555555556,46.358333333333,46.361111111111
16005:68454,10.151388888889,45.540277777778,train,bii_1000_training_esteso,10.150000000000,10.152777777778,45.538888888889,45.541666666667
16475:68838,11.218055555556,44.234722222222,train,bii_1000_training_esteso,11.216666666667,11.219444444444,44.233333333333,44.236111111111
16614:68660,10.723611111111,43.848611111111,train,bii_1000_training_esteso,10.722222222222,10.725000000000,43.847222222222,43.850000000000
15768:68367,9.909722222222,46.198611111111,train,bii_1000_training_esteso,9.908333333333,9.911111111111,46.197222222222,46.200000000000
15890:68843,11.231944444444,45.859722222222,train,bii_1000_training_esteso,11.230555555556,11.233333333333,45.858333333333,45.861111111111
15890:68451,10.143055555556,45.859722222222,train,bii_1000_training_esteso,10.141666666667,10.144444444444,45.858333333333,45.861111111111
16315:68624,10.623611111111,44.679166666667,train,bii_1000_training_esteso,10.622222222222,10.625000000000,44.677777777778,44.680555555556
16150:68583,10.509722222222,45.137500000000,train,bii_1000_training_esteso,10.508333333333,10.511111111111,45.136111111111,45.138888888889
16698:68558,10.440277777778,43.615277777778,train,bii_1000_training_esteso,10.438888888889,10.441666666667,43.613888888889,43.616666666667
16169:68618,10.606944444444,45.084722222222,train,bii_1000_training_esteso,10.605555555556,10.608333333333,45.083333333333,45.086111111111
16376:68335,9.820833333333,44.509722222222,train,bii_1000_training_esteso,9.819444444444,9.822222222222,44.508333333333,44.511111111111
16649:68702,10.840277777778,43.751388888889,train,bii_1000_training_esteso,10.838888888889,10.841666666667,43.750000000000,43.752777777778
16119:68387,9.965277777778,45.223611111111,train,bii_1000_training_esteso,9.963888888889,9.966666666667,45.222222222222,45.225000000000
16026:68536,10.379166666667,45.481944444444,train,bii_1000_training_esteso,10.377777777778,10.380555555556,45.480555555556,45.483333333333
16233:68649,10.693055555556,44.906944444444,train,bii_1000_training_esteso,10.691666666667,10.694444444444,44.905555555556,44.908333333333
15842:68637,10.659722222222,45.993055555556,train,bii_1000_training_esteso,10.658333333333,10.661111111111,45.991666666667,45.994444444444
15849:68324,9.790277777778,45.973611111111,train,bii_1000_training_esteso,9.788888888889,9.791666666667,45.972222222222,45.975000000000
16293:67978,8.829166666667,44.740277777778,train,bii_1000_training_esteso,8.827777777778,8.830555555556,44.738888888889,44.741666666667
15746:68507,10.298611111111,46.259722222222,train,bii_1000_training_esteso,10.297222222222,10.300000000000,46.258333333333,46.261111111111
15806:68460,10.168055555556,46.093055555556,train,bii_1000_training_esteso,10.166666666667,10.169444444444,46.091666666667,46.094444444444
16366:68527,10.354166666667,44.537500000000,train,espansione_italia_centro_settentrionale,10.352777777778,10.355555555556,44.536111111111,44.538888888889
15928:68815,11.154166666667,45.754166666667,train,bii_1000_training_esteso,11.152777777778,11.155555555556,45.752777777778,45.755555555556
16026:68428,10.079166666667,45.481944444444,train,bii_1000_training_esteso,10.077777777778,10.080555555556,45.480555555556,45.483333333333
16049:68637,10.659722222222,45.418055555556,train,bii_1000_training_esteso,10.658333333333,10.661111111111,45.416666666667,45.419444444444
16354:68346,9.851388888889,44.570833333333,train,bii_1000_training_esteso,9.850000000000,9.852777777778,44.569444444444,44.572222222222
16629:68933,11.481944444444,43.806944444444,train,bii_1000_training_esteso,11.480555555556,11.483333333333,43.805555555556,43.808333333333
16465:68773,11.037500000000,44.262500000000,train,bii_1000_training_esteso,11.036111111111,11.038888888889,44.261111111111,44.263888888889
16364:68171,9.365277777778,44.543055555556,train,bii_1000_training_esteso,9.363888888889,9.366666666667,44.541666666667,44.544444444444
16041:68399,9.998611111111,45.440277777778,train,bii_1000_training_esteso,9.997222222222,10.000000000000,45.438888888889,45.441666666667
16110:68562,10.451388888889,45.248611111111,train,bii_1000_training_esteso,10.450000000000,10.452777777778,45.247222222222,45.250000000000
16099:68528,10.356944444444,45.279166666667,train,bii_1000_training_esteso,10.355555555556,10.358333333333,45.277777777778,45.280555555556
16224:68222,9.506944444444,44.931944444444,train,bii_1000_training_esteso,9.505555555556,9.508333333333,44.930555555556,44.933333333333
16261:68853,11.259722222222,44.829166666667,train,bii_1000_training_esteso,11.258333333333,11.261111111111,44.827777777778,44.830555555556
16505:68968,11.579166666667,44.151388888889,train,bii_1000_training_esteso,11.577777777778,11.580555555556,44.150000000000,44.152777777778
16506:68713,10.870833333333,44.148611111111,train,bii_1000_training_esteso,10.869444444444,10.872222222222,44.147222222222,44.150000000000
16388:68686,10.795833333333,44.476388888889,train,bii_1000_training_esteso,10.794444444444,10.797222222222,44.475000000000,44.477777777778
16035:68253,9.593055555556,45.456944444444,train,bii_1000_training_esteso,9.591666666667,9.594444444444,45.455555555556,45.458333333333
16138:68028,8.968055555556,45.170833333333,train,bii_1000_training_esteso,8.966666666667,8.969444444444,45.169444444444,45.172222222222
15880:68649,10.693055555556,45.887500000000,train,bii_1000_training_esteso,10.691666666667,10.694444444444,45.886111111111,45.888888888889
18815:70211,15.031944444444,37.734722222222,train,sicilia_etna,15.030555555556,15.033333333333,37.733333333333,37.736111111111
17330:69303,12.509722222222,41.859722222222,train,roma_periurbano,12.508333333333,12.511111111111,41.858333333333,41.861111111111
15925:68485,10.237500000000,45.762500000000,train,bii_1000_training_esteso,10.236111111111,10.238888888889,45.761111111111,45.763888888889
16651:68529,10.359722222222,43.745833333333,train,bii_1000_training_esteso,10.358333333333,10.361111111111,43.744444444444,43.747222222222
16158:68190,9.418055555556,45.115277777778,train,bii_1000_training_esteso,9.416666666667,9.419444444444,45.113888888889,45.116666666667
16371:68287,9.687500000000,44.523611111111,train,bii_1000_training_esteso,9.686111111111,9.688888888889,44.522222222222,44.525000000000
16216:68061,9.059722222222,44.954166666667,train,bii_1000_training_esteso,9.058333333333,9.061111111111,44.952777777778,44.955555555556
16517:69040,11.779166666667,44.118055555556,train,bii_1000_training_esteso,11.777777777778,11.780555555556,44.116666666667,44.119444444444
15868:68824,11.179166666667,45.920833333333,train,bii_1000_training_esteso,11.177777777778,11.180555555556,45.919444444444,45.922222222222
15707:68793,11.093055555556,46.368055555556,train,bii_1000_training_esteso,11.091666666667,11.094444444444,46.366666666667,46.369444444444
16156:68569,10.470833333333,45.120833333333,train,bii_1000_training_esteso,10.469444444444,10.472222222222,45.119444444444,45.122222222222
16686:68735,10.931944444444,43.648611111111,train,bii_1000_training_esteso,10.930555555556,10.933333333333,43.647222222222,43.650000000000
16634:68945,11.515277777778,43.793055555556,train,bii_1000_training_esteso,11.513888888889,11.516666666667,43.791666666667,43.794444444444
16213:68262,9.618055555556,44.962500000000,train,bii_1000_training_esteso,9.616666666667,9.619444444444,44.961111111111,44.963888888889
16100:68604,10.568055555556,45.276388888889,train,bii_1000_training_esteso,10.566666666667,10.569444444444,45.275000000000,45.277777777778
15974:68710,10.862500000000,45.626388888889,train,bii_1000_training_esteso,10.861111111111,10.863888888889,45.625000000000,45.627777777778
15768:68472,10.201388888889,46.198611111111,train,bii_1000_training_esteso,10.200000000000,10.202777777778,46.197222222222,46.200000000000
16185:67945,8.737500000000,45.040277777778,train,bii_1000_training_esteso,8.736111111111,8.738888888889,45.038888888889,45.041666666667
16473:68850,11.251388888889,44.240277777778,train,bii_1000_training_esteso,11.250000000000,11.252777777778,44.238888888889,44.241666666667
16730:68749,10.970833333333,43.526388888889,train,bii_1000_training_esteso,10.969444444444,10.972222222222,43.525000000000,43.527777777778
15924:68760,11.001388888889,45.765277777778,train,bii_1000_training_esteso,11.000000000000,11.002777777778,45.763888888889,45.766666666667
16137:67981,8.837500000000,45.173611111111,train,bii_1000_training_esteso,8.836111111111,8.838888888889,45.172222222222,45.175000000000
16410:69015,11.709722222222,44.415277777778,train,bii_1000_training_esteso,11.708333333333,11.711111111111,44.413888888889,44.416666666667
16118:68701,10.837500000000,45.226388888889,train,bii_1000_training_esteso,10.836111111111,10.838888888889,45.225000000000,45.227777777778
16058:68210,9.473611111111,45.393055555556,train,bii_1000_training_esteso,9.472222222222,9.475000000000,45.391666666667,45.394444444444
16040:68859,11.276388888889,45.443055555556,train,espansione_italia_centro_settentrionale,11.275000000000,11.277777777778,45.441666666667,45.444444444444
15942:68770,11.029166666667,45.715277777778,train,bii_1000_training_esteso,11.027777777778,11.030555555556,45.713888888889,45.716666666667
16221:68810,11.140277777778,44.940277777778,train,bii_1000_training_esteso,11.138888888889,11.141666666667,44.938888888889,44.941666666667
16255:67969,8.804166666667,44.845833333333,train,bii_1000_training_esteso,8.802777777778,8.805555555556,44.844444444444,44.847222222222
15971:68378,9.940277777778,45.634722222222,train,bii_1000_training_esteso,9.938888888889,9.941666666667,45.633333333333,45.636111111111
15762:68509,10.304166666667,46.215277777778,train,bii_1000_training_esteso,10.302777777778,10.305555555556,46.213888888889,46.216666666667
16188:68809,11.137500000000,45.031944444444,train,bii_1000_training_esteso,11.136111111111,11.138888888889,45.030555555556,45.033333333333
16677:68503,10.287500000000,43.673611111111,train,espansione_italia_centro_settentrionale,10.286111111111,10.288888888889,43.672222222222,43.675000000000
17070:69711,13.643055555556,42.581944444444,train,abruzzo_gran_sasso,13.641666666667,13.644444444444,42.580555555556,42.583333333333
16168:68715,10.876388888889,45.087500000000,train,bii_1000_training_esteso,10.875000000000,10.877777777778,45.086111111111,45.088888888889
17970:68051,9.031944444444,40.081944444444,train,sardegna_interna,9.030555555556,9.033333333333,40.080555555556,40.083333333333
16231:68506,10.295833333333,44.912500000000,train,espansione_italia_centro_settentrionale,10.294444444444,10.297222222222,44.911111111111,44.913888888889
16283:68739,10.943055555556,44.768055555556,train,bii_1000_training_esteso,10.941666666667,10.944444444444,44.766666666667,44.769444444444
16369:69087,11.909722222222,44.529166666667,train,bii_1000_training_esteso,11.908333333333,11.911111111111,44.527777777778,44.530555555556
17469:70443,15.676388888889,41.473611111111,train,puglia_tavoliere,15.675000000000,15.677777777778,41.472222222222,41.475000000000
16199:68044,9.012500000000,45.001388888889,train,bii_1000_training_esteso,9.011111111111,9.013888888889,45.000000000000,45.002777777778
16679:68828,11.190277777778,43.668055555556,train,bii_1000_training_esteso,11.188888888889,11.191666666667,43.666666666667,43.669444444444
15973:68793,11.093055555556,45.629166666667,train,bii_1000_training_esteso,11.091666666667,11.094444444444,45.627777777778,45.630555555556
16361:68700,10.834722222222,44.551388888889,train,bii_1000_training_esteso,10.833333333333,10.836111111111,44.550000000000,44.552777777778
16280:68233,9.537500000000,44.776388888889,train,bii_1000_training_esteso,9.536111111111,9.538888888889,44.775000000000,44.777777777778
16424:68507,10.298611111111,44.376388888889,train,espansione_italia_centro_settentrionale,10.297222222222,10.300000000000,44.375000000000,44.377777777778
16285:67919,8.665277777778,44.762500000000,train,bii_1000_training_esteso,8.663888888889,8.666666666667,44.761111111111,44.763888888889
15857:68785,11.070833333333,45.951388888889,train,bii_1000_training_esteso,11.069444444444,11.072222222222,45.950000000000,45.952777777778
15937:68583,10.509722222222,45.729166666667,train,bii_1000_training_esteso,10.508333333333,10.511111111111,45.727777777778,45.730555555556
15690:68733,10.926388888889,46.415277777778,train,bii_1000_training_esteso,10.925000000000,10.927777777778,46.413888888889,46.416666666667
15704:68387,9.965277777778,46.376388888889,train,bii_1000_training_esteso,9.963888888889,9.966666666667,46.375000000000,46.377777777778
15687:68403,10.009722222222,46.423611111111,train,bii_1000_training_esteso,10.008333333333,10.011111111111,46.422222222222,46.425000000000
16484:68742,10.951388888889,44.209722222222,train,bii_1000_training_esteso,10.950000000000,10.952777777778,44.208333333333,44.211111111111
16327:68466,10.184722222222,44.645833333333,train,espansione_italia_centro_settentrionale,10.183333333333,10.186111111111,44.644444444444,44.647222222222
15690:68520,10.334722222222,46.415277777778,train,bii_1000_training_esteso,10.333333333333,10.336111111111,46.413888888889,46.416666666667
16212:68531,10.365277777778,44.965277777778,train,bii_1000_training_esteso,10.363888888889,10.366666666667,44.963888888889,44.966666666667
15763:68429,10.081944444444,46.212500000000,train,bii_1000_training_esteso,10.080555555556,10.083333333333,46.211111111111,46.213888888889
15816:68457,10.159722222222,46.065277777778,train,bii_1000_training_esteso,10.158333333333,10.161111111111,46.063888888889,46.066666666667
16045:67996,8.879166666667,45.429166666667,train,bii_1000_training_esteso,8.877777777778,8.880555555556,45.427777777778,45.430555555556
15712:68849,11.248611111111,46.354166666667,train,bii_1000_training_esteso,11.247222222222,11.250000000000,46.352777777778,46.355555555556
16235:68391,9.976388888889,44.901388888889,train,bii_1000_training_esteso,9.975000000000,9.977777777778,44.900000000000,44.902777777778
16209:68073,9.093055555556,44.973611111111,train,bii_1000_training_esteso,9.091666666667,9.094444444444,44.972222222222,44.975000000000
16394:68361,9.893055555556,44.459722222222,train,bii_1000_training_esteso,9.891666666667,9.894444444444,44.458333333333,44.461111111111
16548:68895,11.376388888889,44.031944444444,train,bii_1000_training_esteso,11.375000000000,11.377777777778,44.030555555556,44.033333333333
16472:68692,10.812500000000,44.243055555556,train,bii_1000_training_esteso,10.811111111111,10.813888888889,44.241666666667,44.244444444444
16191:67997,8.881944444444,45.023611111111,train,bii_1000_training_esteso,8.880555555556,8.883333333333,45.022222222222,45.025000000000
16138:68123,9.231944444444,45.170833333333,train,bii_1000_training_esteso,9.230555555556,9.233333333333,45.169444444444,45.172222222222
16080:68916,11.434722222222,45.331944444444,train,bii_1000_training_esteso,11.433333333333,11.436111111111,45.330555555556,45.333333333333
16153:68803,11.120833333333,45.129166666667,train,bii_1000_training_esteso,11.119444444444,11.122222222222,45.127777777778,45.130555555556
16721:68654,10.706944444444,43.551388888889,train,bii_1000_training_esteso,10.705555555556,10.708333333333,43.550000000000,43.552777777778
15687:68968,11.579166666667,46.423611111111,train,bii_1000_training_esteso,11.577777777778,11.580555555556,46.422222222222,46.425000000000
15854:68471,10.198611111111,45.959722222222,train,bii_1000_training_esteso,10.197222222222,10.200000000000,45.958333333333,45.961111111111
16338:68307,9.743055555556,44.615277777778,train,bii_1000_training_esteso,9.741666666667,9.744444444444,44.613888888889,44.616666666667
16501:68342,9.840277777778,44.162500000000,train,bii_1000_training_esteso,9.838888888889,9.841666666667,44.161111111111,44.163888888889
16050:68557,10.437500000000,45.415277777778,train,bii_1000_training_esteso,10.436111111111,10.438888888889,45.413888888889,45.416666666667
16388:68390,9.973611111111,44.476388888889,train,bii_1000_training_esteso,9.972222222222,9.975000000000,44.475000000000,44.477777777778
16153:68833,11.204166666667,45.129166666667,train,bii_1000_training_esteso,11.202777777778,11.205555555556,45.127777777778,45.130555555556
16557:68924,11.456944444444,44.006944444444,train,bii_1000_training_esteso,11.455555555556,11.458333333333,44.005555555556,44.008333333333
16107:68444,10.123611111111,45.256944444444,train,bii_1000_training_esteso,10.122222222222,10.125000000000,45.255555555556,45.258333333333
15722:68680,10.779166666667,46.326388888889,train,bii_1000_training_esteso,10.777777777778,10.780555555556,46.325000000000,46.327777777778
16215:68460,10.168055555556,44.956944444444,train,espansione_italia_centro_settentrionale,10.166666666667,10.169444444444,44.955555555556,44.958333333333
15705:68962,11.562500000000,46.373611111111,train,bii_1000_training_esteso,11.561111111111,11.563888888889,46.372222222222,46.375000000000
15700:68621,10.615277777778,46.387500000000,train,bii_1000_training_esteso,10.613888888889,10.616666666667,46.386111111111,46.388888888889
16369:68085,9.126388888889,44.529166666667,train,bii_1000_training_esteso,9.125000000000,9.127777777778,44.527777777778,44.530555555556
16291:68519,10.331944444444,44.745833333333,train,espansione_italia_centro_settentrionale,10.330555555556,10.333333333333,44.744444444444,44.747222222222
16260:68151,9.309722222222,44.831944444444,train,bii_1000_training_esteso,9.308333333333,9.311111111111,44.830555555556,44.833333333333
15883:68355,9.876388888889,45.879166666667,train,bii_1000_training_esteso,9.875000000000,9.877777777778,45.877777777778,45.880555555556
16539:68773,11.037500000000,44.056944444444,train,bii_1000_training_esteso,11.036111111111,11.038888888889,44.055555555556,44.058333333333
16156:68035,8.987500000000,45.120833333333,train,bii_1000_training_esteso,8.986111111111,8.988888888889,45.119444444444,45.122222222222
16246:68584,10.512500000000,44.870833333333,train,bii_1000_training_esteso,10.511111111111,10.513888888889,44.869444444444,44.872222222222
15779:68622,10.618055555556,46.168055555556,train,bii_1000_training_esteso,10.616666666667,10.619444444444,46.166666666667,46.169444444444
16000:68369,9.915277777778,45.554166666667,train,bii_1000_training_esteso,9.913888888889,9.916666666667,45.552777777778,45.555555555556
16571:68886,11.351388888889,43.968055555556,train,bii_1000_training_esteso,11.350000000000,11.352777777778,43.966666666667,43.969444444444
16197:68259,9.609722222222,45.006944444444,train,bii_1000_training_esteso,9.608333333333,9.611111111111,45.005555555556,45.008333333333
16252:67922,8.673611111111,44.854166666667,train,bii_1000_training_esteso,8.672222222222,8.675000000000,44.852777777778,44.855555555556
16597:68728,10.912500000000,43.895833333333,train,bii_1000_training_esteso,10.911111111111,10.913888888889,43.894444444444,43.897222222222
16120:68848,11.245833333333,45.220833333333,train,bii_1000_training_esteso,11.244444444444,11.247222222222,45.219444444444,45.222222222222
16359:67977,8.826388888889,44.556944444444,train,bii_1000_training_esteso,8.825000000000,8.827777777778,44.555555555556,44.558333333333
16686:68715,10.876388888889,43.648611111111,train,bii_1000_training_esteso,10.875000000000,10.877777777778,43.647222222222,43.650000000000
16046:68724,10.901388888889,45.426388888889,train,bii_1000_training_esteso,10.900000000000,10.902777777778,45.425000000000,45.427777777778
17985:68082,9.118055555556,40.040277777778,train,sardegna_interna,9.116666666667,9.119444444444,40.038888888889,40.041666666667
16409:69056,11.823611111111,44.418055555556,train,bii_1000_training_esteso,11.822222222222,11.825000000000,44.416666666667,44.419444444444
16613:68592,10.534722222222,43.851388888889,train,espansione_italia_centro_settentrionale,10.533333333333,10.536111111111,43.850000000000,43.852777777778
16218:68393,9.981944444444,44.948611111111,train,bii_1000_training_esteso,9.980555555556,9.983333333333,44.947222222222,44.950000000000
16707:68627,10.631944444444,43.590277777778,train,bii_1000_training_esteso,10.630555555556,10.633333333333,43.588888888889,43.591666666667
15775:68841,11.226388888889,46.179166666667,train,bii_1000_training_esteso,11.225000000000,11.227777777778,46.177777777778,46.180555555556
17971:68124,9.234722222222,40.079166666667,train,sardegna_interna,9.233333333333,9.236111111111,40.077777777778,40.080555555556
15798:68542,10.395833333333,46.115277777778,train,bii_1000_training_esteso,10.394444444444,10.397222222222,46.113888888889,46.116666666667
16367:68654,10.706944444444,44.534722222222,train,bii_1000_training_esteso,10.705555555556,10.708333333333,44.533333333333,44.536111111111
15915:68865,11.293055555556,45.790277777778,train,bii_1000_training_esteso,11.291666666667,11.294444444444,45.788888888889,45.791666666667
16268:67942,8.729166666667,44.809722222222,train,bii_1000_training_esteso,8.727777777778,8.730555555556,44.808333333333,44.811111111111
16053:68589,10.526388888889,45.406944444444,train,bii_1000_training_esteso,10.525000000000,10.527777777778,45.405555555556,45.408333333333
16735:68613,10.593055555556,43.512500000000,train,bii_1000_training_esteso,10.591666666667,10.594444444444,43.511111111111,43.513888888889
15772:68754,10.984722222222,46.187500000000,train,bii_1000_training_esteso,10.983333333333,10.986111111111,46.186111111111,46.188888888889
16260:68908,11.412500000000,44.831944444444,train,bii_1000_training_esteso,11.411111111111,11.413888888889,44.830555555556,44.833333333333
15771:68887,11.354166666667,46.190277777778,train,bii_1000_training_esteso,11.352777777778,11.355555555556,46.188888888889,46.191666666667
17313:69276,12.434722222222,41.906944444444,train,roma_periurbano,12.433333333333,12.436111111111,41.905555555556,41.908333333333
16280:68651,10.698611111111,44.776388888889,train,bii_1000_training_esteso,10.697222222222,10.700000000000,44.775000000000,44.777777777778
15869:68496,10.268055555556,45.918055555556,train,bii_1000_training_esteso,10.266666666667,10.269444444444,45.916666666667,45.919444444444
15769:68672,10.756944444444,46.195833333333,train,bii_1000_training_esteso,10.755555555556,10.758333333333,46.194444444444,46.197222222222
16189:68490,10.251388888889,45.029166666667,train,bii_1000_training_esteso,10.250000000000,10.252777777778,45.027777777778,45.030555555556
16182:68097,9.159722222222,45.048611111111,train,bii_1000_training_esteso,9.158333333333,9.161111111111,45.047222222222,45.050000000000
16375:68586,10.518055555556,44.512500000000,train,espansione_italia_centro_settentrionale,10.516666666667,10.519444444444,44.511111111111,44.513888888889
15729:68352,9.868055555556,46.306944444444,train,bii_1000_training_esteso,9.866666666667,9.869444444444,46.305555555556,46.308333333333
16684:68867,11.298611111111,43.654166666667,train,bii_1000_training_esteso,11.297222222222,11.300000000000,43.652777777778,43.655555555556
15825:68557,10.437500000000,46.040277777778,train,bii_1000_training_esteso,10.436111111111,10.438888888889,46.038888888889,46.041666666667
16226:68289,9.693055555556,44.926388888889,train,bii_1000_training_esteso,9.691666666667,9.694444444444,44.925000000000,44.927777777778
16033:68339,9.831944444444,45.462500000000,train,bii_1000_training_esteso,9.830555555556,9.833333333333,45.461111111111,45.463888888889
16280:68185,9.404166666667,44.776388888889,train,bii_1000_training_esteso,9.402777777778,9.405555555556,44.775000000000,44.777777777778
15771:68570,10.473611111111,46.190277777778,train,bii_1000_training_esteso,10.472222222222,10.475000000000,46.188888888889,46.191666666667
15903:68456,10.156944444444,45.823611111111,train,bii_1000_training_esteso,10.155555555556,10.158333333333,45.822222222222,45.825000000000
16160:68409,10.026388888889,45.109722222222,train,bii_1000_training_esteso,10.025000000000,10.027777777778,45.108333333333,45.111111111111
15923:68630,10.640277777778,45.768055555556,train,bii_1000_training_esteso,10.638888888889,10.641666666667,45.766666666667,45.769444444444
16101:68716,10.879166666667,45.273611111111,train,bii_1000_training_esteso,10.877777777778,10.880555555556,45.272222222222,45.275000000000
16099:68211,9.476388888889,45.279166666667,train,bii_1000_training_esteso,9.475000000000,9.477777777778,45.277777777778,45.280555555556
16704:68667,10.743055555556,43.598611111111,train,bii_1000_training_esteso,10.741666666667,10.744444444444,43.597222222222,43.600000000000
16490:69052,11.812500000000,44.193055555556,train,bii_1000_training_esteso,11.811111111111,11.813888888889,44.191666666667,44.194444444444
15940:68573,10.481944444444,45.720833333333,train,bii_1000_training_esteso,10.480555555556,10.483333333333,45.719444444444,45.722222222222
16291:68933,11.481944444444,44.745833333333,train,bii_1000_training_esteso,11.480555555556,11.483333333333,44.744444444444,44.747222222222
15705:68607,10.576388888889,46.373611111111,train,bii_1000_training_esteso,10.575000000000,10.577777777778,46.372222222222,46.375000000000
16400:69026,11.740277777778,44.443055555556,train,bii_1000_training_esteso,11.738888888889,11.741666666667,44.441666666667,44.444444444444
15832:68853,11.259722222222,46.020833333333,train,bii_1000_training_esteso,11.258333333333,11.261111111111,46.019444444444,46.022222222222
18260:70800,16.668055555556,39.276388888889,train,calabria_sila,16.666666666667,16.669444444444,39.275000000000,39.277777777778
16072:68800,11.112500000000,45.354166666667,train,bii_1000_training_esteso,11.111111111111,11.113888888889,45.352777777778,45.355555555556
16138:68084,9.123611111111,45.170833333333,train,bii_1000_training_esteso,9.122222222222,9.125000000000,45.169444444444,45.172222222222
16009:68580,10.501388888889,45.529166666667,train,bii_1000_training_esteso,10.500000000000,10.502777777778,45.527777777778,45.530555555556
16137:68358,9.884722222222,45.173611111111,train,bii_1000_training_esteso,9.883333333333,9.886111111111,45.172222222222,45.175000000000
16279:68023,8.954166666667,44.779166666667,train,bii_1000_training_esteso,8.952777777778,8.955555555556,44.777777777778,44.780555555556
16195:68412,10.034722222222,45.012500000000,train,espansione_italia_centro_settentrionale,10.033333333333,10.036111111111,45.011111111111,45.013888888889
16350:68485,10.237500000000,44.581944444444,train,espansione_italia_centro_settentrionale,10.236111111111,10.238888888889,44.580555555556,44.583333333333
16577:68687,10.798611111111,43.951388888889,train,bii_1000_training_esteso,10.797222222222,10.800000000000,43.950000000000,43.952777777778
16383:68093,9.148611111111,44.490277777778,train,bii_1000_training_esteso,9.147222222222,9.150000000000,44.488888888889,44.491666666667
16454:68316,9.768055555556,44.293055555556,train,bii_1000_training_esteso,9.766666666667,9.769444444444,44.291666666667,44.294444444444
16187:68372,9.923611111111,45.034722222222,train,bii_1000_training_esteso,9.922222222222,9.925000000000,45.033333333333,45.036111111111
16256:68738,10.940277777778,44.843055555556,train,bii_1000_training_esteso,10.938888888889,10.941666666667,44.841666666667,44.844444444444
16061:68842,11.229166666667,45.384722222222,train,bii_1000_training_esteso,11.227777777778,11.230555555556,45.383333333333,45.386111111111
15780:68648,10.690277777778,46.165277777778,train,bii_1000_training_esteso,10.688888888889,10.691666666667,46.163888888889,46.166666666667
16203:68596,10.545833333333,44.990277777778,train,bii_1000_training_esteso,10.544444444444,10.547222222222,44.988888888889,44.991666666667
16499:68314,9.762500000000,44.168055555556,train,bii_1000_training_esteso,9.761111111111,9.763888888889,44.166666666667,44.169444444444
16669:68756,10.990277777778,43.695833333333,train,bii_1000_training_esteso,10.988888888889,10.991666666667,43.694444444444,43.697222222222
16302:68095,9.154166666667,44.715277777778,train,bii_1000_training_esteso,9.152777777778,9.155555555556,44.713888888889,44.716666666667
16070:68318,9.773611111111,45.359722222222,train,bii_1000_training_esteso,9.772222222222,9.775000000000,45.358333333333,45.361111111111
16479:69022,11.729166666667,44.223611111111,train,bii_1000_training_esteso,11.727777777778,11.730555555556,44.222222222222,44.225000000000
16594:68809,11.137500000000,43.904166666667,train,bii_1000_training_esteso,11.136111111111,11.138888888889,43.902777777778,43.905555555556
16324:68435,10.098611111111,44.654166666667,train,espansione_italia_centro_settentrionale,10.097222222222,10.100000000000,44.652777777778,44.655555555556
16240:68702,10.840277777778,44.887500000000,train,bii_1000_training_esteso,10.838888888889,10.841666666667,44.886111111111,44.888888888889
15900:68415,10.043055555556,45.831944444444,train,bii_1000_training_esteso,10.041666666667,10.044444444444,45.830555555556,45.833333333333
16709:69007,11.687500000000,43.584722222222,train,bii_1000_training_esteso,11.686111111111,11.688888888889,43.583333333333,43.586111111111
16664:68973,11.593055555556,43.709722222222,train,bii_1000_training_esteso,11.591666666667,11.594444444444,43.708333333333,43.711111111111
16309:68011,8.920833333333,44.695833333333,train,bii_1000_training_esteso,8.919444444444,8.922222222222,44.694444444444,44.697222222222
16090:68756,10.990277777778,45.304166666667,train,bii_1000_training_esteso,10.988888888889,10.991666666667,45.302777777778,45.305555555556
16523:68928,11.468055555556,44.101388888889,train,bii_1000_training_esteso,11.466666666667,11.469444444444,44.100000000000,44.102777777778
16386:68663,10.731944444444,44.481944444444,train,bii_1000_training_esteso,10.730555555556,10.733333333333,44.480555555556,44.483333333333
16203:68126,9.240277777778,44.990277777778,train,bii_1000_training_esteso,9.238888888889,9.241666666667,44.988888888889,44.991666666667
16317:68365,9.904166666667,44.673611111111,train,bii_1000_training_esteso,9.902777777778,9.905555555556,44.672222222222,44.675000000000
15933:68323,9.787500000000,45.740277777778,train,bii_1000_training_esteso,9.786111111111,9.788888888889,45.738888888889,45.741666666667
16086:69067,11.854166666667,45.315277777778,train,espansione_italia_centro_settentrionale,11.852777777778,11.855555555556,45.313888888889,45.316666666667
16529:68779,11.054166666667,44.084722222222,train,bii_1000_training_esteso,11.052777777778,11.055555555556,44.083333333333,44.086111111111
16412:68650,10.695833333333,44.409722222222,train,bii_1000_training_esteso,10.694444444444,10.697222222222,44.408333333333,44.411111111111
16321:68725,10.904166666667,44.662500000000,train,bii_1000_training_esteso,10.902777777778,10.905555555556,44.661111111111,44.663888888889
16232:68675,10.765277777778,44.909722222222,train,bii_1000_training_esteso,10.763888888889,10.766666666667,44.908333333333,44.911111111111
15721:68596,10.545833333333,46.329166666667,train,bii_1000_training_esteso,10.544444444444,10.547222222222,46.327777777778,46.330555555556
16288:68820,11.168055555556,44.754166666667,train,bii_1000_training_esteso,11.166666666667,11.169444444444,44.752777777778,44.755555555556
16319:67867,8.520833333333,44.668055555556,train,bii_1000_training_esteso,8.519444444444,8.522222222222,44.666666666667,44.669444444444
16585:68861,11.281944444444,43.929166666667,train,bii_1000_training_esteso,11.280555555556,11.283333333333,43.927777777778,43.930555555556
16195:68217,9.493055555556,45.012500000000,train,bii_1000_training_esteso,9.491666666667,9.494444444444,45.011111111111,45.013888888889
16152:68854,11.262500000000,45.131944444444,train,bii_1000_training_esteso,11.261111111111,11.263888888889,45.130555555556,45.133333333333
16403:68638,10.662500000000,44.434722222222,train,espansione_italia_centro_settentrionale,10.661111111111,10.663888888889,44.433333333333,44.436111111111
16091:68315,9.765277777778,45.301388888889,train,bii_1000_training_esteso,9.763888888889,9.766666666667,45.300000000000,45.302777777778
15943:68686,10.795833333333,45.712500000000,train,bii_1000_training_esteso,10.794444444444,10.797222222222,45.711111111111,45.713888888889
16467:68369,9.915277777778,44.256944444444,train,bii_1000_training_esteso,9.913888888889,9.916666666667,44.255555555556,44.258333333333
16425:68385,9.959722222222,44.373611111111,train,bii_1000_training_esteso,9.958333333333,9.961111111111,44.372222222222,44.375000000000
16297:68830,11.195833333333,44.729166666667,train,bii_1000_training_esteso,11.194444444444,11.197222222222,44.727777777778,44.730555555556
16018:68727,10.909722222222,45.504166666667,train,bii_1000_training_esteso,10.908333333333,10.911111111111,45.502777777778,45.505555555556
15838:68372,9.923611111111,46.004166666667,train,bii_1000_training_esteso,9.922222222222,9.925000000000,46.002777777778,46.005555555556
16257:68149,9.304166666667,44.840277777778,train,bii_1000_training_esteso,9.302777777778,9.305555555556,44.838888888889,44.841666666667
15960:68355,9.876388888889,45.665277777778,train,bii_1000_training_esteso,9.875000000000,9.877777777778,45.663888888889,45.666666666667
16382:68220,9.501388888889,44.493055555556,train,bii_1000_training_esteso,9.500000000000,9.502777777778,44.491666666667,44.494444444444
16183:68860,11.279166666667,45.045833333333,train,bii_1000_training_esteso,11.277777777778,11.280555555556,45.044444444444,45.047222222222
16050:67989,8.859722222222,45.415277777778,train,bii_1000_training_esteso,8.858333333333,8.861111111111,45.413888888889,45.416666666667
15872:68580,10.501388888889,45.909722222222,train,bii_1000_training_esteso,10.500000000000,10.502777777778,45.908333333333,45.911111111111
16049:68768,11.023611111111,45.418055555556,train,bii_1000_training_esteso,11.022222222222,11.025000000000,45.416666666667,45.419444444444
16182:68737,10.937500000000,45.048611111111,train,bii_1000_training_esteso,10.936111111111,10.938888888889,45.047222222222,45.050000000000
16464:68979,11.609722222222,44.265277777778,train,bii_1000_training_esteso,11.608333333333,11.611111111111,44.263888888889,44.266666666667
15886:68412,10.034722222222,45.870833333333,train,bii_1000_training_esteso,10.033333333333,10.036111111111,45.869444444444,45.872222222222
16083:68004,8.901388888889,45.323611111111,train,bii_1000_training_esteso,8.900000000000,8.902777777778,45.322222222222,45.325000000000
16495:68893,11.370833333333,44.179166666667,train,bii_1000_training_esteso,11.369444444444,11.372222222222,44.177777777778,44.180555555556
16128:68219,9.498611111111,45.198611111111,train,bii_1000_training_esteso,9.497222222222,9.500000000000,45.197222222222,45.200000000000
16047:68150,9.306944444444,45.423611111111,train,bii_1000_training_esteso,9.305555555556,9.308333333333,45.422222222222,45.425000000000
15735:68791,11.087500000000,46.290277777778,train,bii_1000_training_esteso,11.086111111111,11.088888888889,46.288888888889,46.291666666667
16486:68264,9.623611111111,44.204166666667,train,bii_1000_training_esteso,9.622222222222,9.625000000000,44.202777777778,44.205555555556
16325:67885,8.570833333333,44.651388888889,train,bii_1000_training_esteso,8.569444444444,8.572222222222,44.650000000000,44.652777777778
15962:68628,10.634722222222,45.659722222222,train,bii_1000_training_esteso,10.633333333333,10.636111111111,45.658333333333,45.661111111111
16455:68195,9.431944444444,44.290277777778,train,liguria_levante,9.430555555556,9.433333333333,44.288888888889,44.291666666667
16483:68701,10.837500000000,44.212500000000,train,bii_1000_training_esteso,10.836111111111,10.838888888889,44.211111111111,44.213888888889
16138:68787,11.076388888889,45.170833333333,train,bii_1000_training_esteso,11.075000000000,11.077777777778,45.169444444444,45.172222222222
15849:68812,11.145833333333,45.973611111111,train,bii_1000_training_esteso,11.144444444444,11.147222222222,45.972222222222,45.975000000000
16480:68987,11.631944444444,44.220833333333,train,bii_1000_training_esteso,11.630555555556,11.633333333333,44.219444444444,44.222222222222
16130:68510,10.306944444444,45.193055555556,train,bii_1000_training_esteso,10.305555555556,10.308333333333,45.191666666667,45.194444444444
16677:68856,11.268055555556,43.673611111111,train,bii_1000_training_esteso,11.266666666667,11.269444444444,43.672222222222,43.675000000000
15727:68753,10.981944444444,46.312500000000,train,bii_1000_training_esteso,10.980555555556,10.983333333333,46.311111111111,46.313888888889
16233:68072,9.090277777778,44.906944444444,train,bii_1000_training_esteso,9.088888888889,9.091666666667,44.905555555556,44.908333333333
16412:67889,8.581944444444,44.409722222222,train,bii_1000_training_esteso,8.580555555556,8.583333333333,44.408333333333,44.411111111111
15824:68469,10.193055555556,46.043055555556,train,bii_1000_training_esteso,10.191666666667,10.194444444444,46.041666666667,46.044444444444
16670:68587,10.520833333333,43.693055555556,train,bii_1000_training_esteso,10.519444444444,10.522222222222,43.691666666667,43.694444444444
16110:68272,9.645833333333,45.248611111111,train,bii_1000_training_esteso,9.644444444444,9.647222222222,45.247222222222,45.250000000000
16271:68317,9.770833333333,44.801388888889,train,bii_1000_training_esteso,9.769444444444,9.772222222222,44.800000000000,44.802777777778
16086:68694,10.818055555556,45.315277777778,train,bii_1000_training_esteso,10.816666666667,10.819444444444,45.313888888889,45.316666666667
16500:68853,11.259722222222,44.165277777778,train,bii_1000_training_esteso,11.258333333333,11.261111111111,44.163888888889,44.166666666667
16580:69025,11.737500000000,43.943055555556,train,bii_1000_training_esteso,11.736111111111,11.738888888889,43.941666666667,43.944444444444
16275:67860,8.501388888889,44.790277777778,train,bii_1000_training_esteso,8.500000000000,8.502777777778,44.788888888889,44.791666666667
16086:68828,11.190277777778,45.315277777778,train,bii_1000_training_esteso,11.188888888889,11.191666666667,45.313888888889,45.316666666667
15748:68549,10.415277777778,46.254166666667,train,bii_1000_training_esteso,10.413888888889,10.416666666667,46.252777777778,46.255555555556
15786:68675,10.765277777778,46.148611111111,train,bii_1000_training_esteso,10.763888888889,10.766666666667,46.147222222222,46.150000000000
16432:68468,10.190277777778,44.354166666667,train,espansione_italia_centro_settentrionale,10.188888888889,10.191666666667,44.352777777778,44.355555555556
16337:67899,8.609722222222,44.618055555556,train,bii_1000_training_esteso,8.608333333333,8.611111111111,44.616666666667,44.619444444444
16047:68514,10.318055555556,45.423611111111,train,bii_1000_training_esteso,10.316666666667,10.319444444444,45.422222222222,45.425000000000
15872:68737,10.937500000000,45.909722222222,train,bii_1000_training_esteso,10.936111111111,10.938888888889,45.908333333333,45.911111111111
17795:70574,16.040277777778,40.568055555556,train,basilicata_interna,16.038888888889,16.041666666667,40.566666666667,40.569444444444
16717:68522,10.340277777778,43.562500000000,train,bii_1000_training_esteso,10.338888888889,10.341666666667,43.561111111111,43.563888888889
16322:68669,10.748611111111,44.659722222222,train,bii_1000_training_esteso,10.747222222222,10.750000000000,44.658333333333,44.661111111111
15824:68889,11.359722222222,46.043055555556,train,bii_1000_training_esteso,11.358333333333,11.361111111111,46.041666666667,46.044444444444
16219:68519,10.331944444444,44.945833333333,train,bii_1000_training_esteso,10.330555555556,10.333333333333,44.944444444444,44.947222222222
15777:68370,9.918055555556,46.173611111111,train,bii_1000_training_esteso,9.916666666667,9.919444444444,46.172222222222,46.175000000000
16096:68428,10.079166666667,45.287500000000,train,bii_1000_training_esteso,10.077777777778,10.080555555556,45.286111111111,45.288888888889
16144:68139,9.276388888889,45.154166666667,train,bii_1000_training_esteso,9.275000000000,9.277777777778,45.152777777778,45.155555555556
16391:68579,10.498611111111,44.468055555556,train,espansione_italia_centro_settentrionale,10.497222222222,10.500000000000,44.466666666667,44.469444444444
15900:68371,9.920833333333,45.831944444444,train,bii_1000_training_esteso,9.919444444444,9.922222222222,45.830555555556,45.833333333333
16022:68752,10.979166666667,45.493055555556,train,bii_1000_training_esteso,10.977777777778,10.980555555556,45.491666666667,45.494444444444
16300:68268,9.634722222222,44.720833333333,train,bii_1000_training_esteso,9.633333333333,9.636111111111,44.719444444444,44.722222222222
16092:68811,11.143055555556,45.298611111111,train,bii_1000_training_esteso,11.141666666667,11.144444444444,45.297222222222,45.300000000000
16547:68447,10.131944444444,44.034722222222,train,espansione_italia_centro_settentrionale,10.130555555556,10.133333333333,44.033333333333,44.036111111111
15744:68620,10.612500000000,46.265277777778,train,bii_1000_training_esteso,10.611111111111,10.613888888889,46.263888888889,46.266666666667
16406:68706,10.851388888889,44.426388888889,train,bii_1000_training_esteso,10.850000000000,10.852777777778,44.425000000000,44.427777777778
16342:68576,10.490277777778,44.604166666667,train,espansione_italia_centro_settentrionale,10.488888888889,10.491666666667,44.602777777778,44.605555555556
15784:68494,10.262500000000,46.154166666667,train,bii_1000_training_esteso,10.261111111111,10.263888888889,46.152777777778,46.155555555556
16065:68107,9.187500000000,45.373611111111,train,bii_1000_training_esteso,9.186111111111,9.188888888889,45.372222222222,45.375000000000
16156:68363,9.898611111111,45.120833333333,train,bii_1000_training_esteso,9.897222222222,9.900000000000,45.119444444444,45.122222222222
16434:68368,9.912500000000,44.348611111111,train,bii_1000_training_esteso,9.911111111111,9.913888888889,44.347222222222,44.350000000000
16391:68251,9.587500000000,44.468055555556,train,bii_1000_training_esteso,9.586111111111,9.588888888889,44.466666666667,44.469444444444
16337:68675,10.765277777778,44.618055555556,train,bii_1000_training_esteso,10.763888888889,10.766666666667,44.616666666667,44.619444444444
16130:68240,9.556944444444,45.193055555556,train,bii_1000_training_esteso,9.555555555556,9.558333333333,45.191666666667,45.194444444444
16216:67968,8.801388888889,44.954166666667,train,bii_1000_training_esteso,8.800000000000,8.802777777778,44.952777777778,44.955555555556
15843:68674,10.762500000000,45.990277777778,train,bii_1000_training_esteso,10.761111111111,10.763888888889,45.988888888889,45.991666666667
16081:68966,11.573611111111,45.329166666667,train,espansione_italia_centro_settentrionale,11.572222222222,11.575000000000,45.327777777778,45.330555555556
16435:68142,9.284722222222,44.345833333333,train,bii_1000_training_esteso,9.283333333333,9.286111111111,44.344444444444,44.347222222222
16281:68296,9.712500000000,44.773611111111,train,bii_1000_training_esteso,9.711111111111,9.713888888889,44.772222222222,44.775000000000
15997:68469,10.193055555556,45.562500000000,train,bii_1000_training_esteso,10.191666666667,10.194444444444,45.561111111111,45.563888888889
16498:68342,9.840277777778,44.170833333333,train,bii_1000_training_esteso,9.838888888889,9.841666666667,44.169444444444,44.172222222222
16418:69138,12.051388888889,44.393055555556,train,bii_1000_training_esteso,12.050000000000,12.052777777778,44.391666666667,44.394444444444
15685:68773,11.037500000000,46.429166666667,train,bii_1000_training_esteso,11.036111111111,11.038888888889,46.427777777778,46.430555555556
16207:68213,9.481944444444,44.979166666667,train,bii_1000_training_esteso,9.480555555556,9.483333333333,44.977777777778,44.980555555556
16199:68621,10.615277777778,45.001388888889,train,bii_1000_training_esteso,10.613888888889,10.616666666667,45.000000000000,45.002777777778
16230:68563,10.454166666667,44.915277777778,train,bii_1000_training_esteso,10.452777777778,10.455555555556,44.913888888889,44.916666666667
16261:68816,11.156944444444,44.829166666667,train,bii_1000_training_esteso,11.155555555556,11.158333333333,44.827777777778,44.830555555556
16094:68564,10.456944444444,45.293055555556,train,bii_1000_training_esteso,10.455555555556,10.458333333333,45.291666666667,45.294444444444
16016:68233,9.537500000000,45.509722222222,train,bii_1000_training_esteso,9.536111111111,9.538888888889,45.508333333333,45.511111111111
16001:68254,9.595833333333,45.551388888889,train,bii_1000_training_esteso,9.594444444444,9.597222222222,45.550000000000,45.552777777778
16232:68876,11.323611111111,44.909722222222,train,bii_1000_training_esteso,11.322222222222,11.325000000000,44.908333333333,44.911111111111
17296:69280,12.445833333333,41.954166666667,train,roma_periurbano,12.444444444444,12.447222222222,41.952777777778,41.955555555556
16365:67895,8.598611111111,44.540277777778,train,bii_1000_training_esteso,8.597222222222,8.600000000000,44.538888888889,44.541666666667
16661:69019,11.720833333333,43.718055555556,train,bii_1000_training_esteso,11.719444444444,11.722222222222,43.716666666667,43.719444444444
18251:70799,16.665277777778,39.301388888889,train,calabria_sila,16.663888888889,16.666666666667,39.300000000000,39.302777777778
16335:68187,9.409722222222,44.623611111111,train,bii_1000_training_esteso,9.408333333333,9.411111111111,44.622222222222,44.625000000000
15667:68913,11.426388888889,46.479166666667,train,bii_1000_training_esteso,11.425000000000,11.427777777778,46.477777777778,46.480555555556
16539:69033,11.759722222222,44.056944444444,train,bii_1000_training_esteso,11.758333333333,11.761111111111,44.055555555556,44.058333333333
15922:68321,9.781944444444,45.770833333333,train,bii_1000_training_esteso,9.780555555556,9.783333333333,45.769444444444,45.772222222222
15961:68840,11.223611111111,45.662500000000,train,bii_1000_training_esteso,11.222222222222,11.225000000000,45.661111111111,45.663888888889
17779:67839,8.443055555556,40.612500000000,train,sardegna_costiera,8.441666666667,8.444444444444,40.611111111111,40.613888888889
15693:68476,10.212500000000,46.406944444444,train,bii_1000_training_esteso,10.211111111111,10.213888888889,46.405555555556,46.408333333333
15795:68578,10.495833333333,46.123611111111,train,bii_1000_training_esteso,10.494444444444,10.497222222222,46.122222222222,46.125000000000
16309:68194,9.429166666667,44.695833333333,train,bii_1000_training_esteso,9.427777777778,9.430555555556,44.694444444444,44.697222222222
15662:68757,10.993055555556,46.493055555556,train,bii_1000_training_esteso,10.991666666667,10.994444444444,46.491666666667,46.494444444444
16066:68858,11.273611111111,45.370833333333,train,bii_1000_training_esteso,11.272222222222,11.275000000000,45.369444444444,45.372222222222
16110:68695,10.820833333333,45.248611111111,train,bii_1000_training_esteso,10.819444444444,10.822222222222,45.247222222222,45.250000000000
16062:68306,9.740277777778,45.381944444444,train,bii_1000_training_esteso,9.738888888889,9.741666666667,45.380555555556,45.383333333333
16246:68907,11.409722222222,44.870833333333,train,bii_1000_training_esteso,11.408333333333,11.411111111111,44.869444444444,44.872222222222
16578:68707,10.854166666667,43.948611111111,train,bii_1000_training_esteso,10.852777777778,10.855555555556,43.947222222222,43.950000000000
15983:68468,10.190277777778,45.601388888889,train,bii_1000_training_esteso,10.188888888889,10.191666666667,45.600000000000,45.602777777778
16075:68546,10.406944444444,45.345833333333,train,bii_1000_training_esteso,10.405555555556,10.408333333333,45.344444444444,45.347222222222
15920:68562,10.451388888889,45.776388888889,train,bii_1000_training_esteso,10.450000000000,10.452777777778,45.775000000000,45.777777777778
16044:69056,11.823611111111,45.431944444444,train,espansione_italia_centro_settentrionale,11.822222222222,11.825000000000,45.430555555556,45.433333333333
15880:68764,11.012500000000,45.887500000000,train,bii_1000_training_esteso,11.011111111111,11.013888888889,45.886111111111,45.888888888889
16293:68397,9.993055555556,44.740277777778,train,bii_1000_training_esteso,9.991666666667,9.994444444444,44.738888888889,44.741666666667
16428:69234,12.318055555556,44.365277777778,train,bii_1000_training_esteso,12.316666666667,12.319444444444,44.363888888889,44.366666666667
16194:68030,8.973611111111,45.015277777778,train,bii_1000_training_esteso,8.972222222222,8.975000000000,45.013888888889,45.016666666667
15968:68569,10.470833333333,45.643055555556,train,bii_1000_training_esteso,10.469444444444,10.472222222222,45.641666666667,45.644444444444
15877:68375,9.931944444444,45.895833333333,train,bii_1000_training_esteso,9.930555555556,9.933333333333,45.894444444444,45.897222222222
16289:68265,9.626388888889,44.751388888889,train,bii_1000_training_esteso,9.625000000000,9.627777777778,44.750000000000,44.752777777778
16434:68214,9.484722222222,44.348611111111,train,bii_1000_training_esteso,9.483333333333,9.486111111111,44.347222222222,44.350000000000
18798:70229,15.081944444444,37.781944444444,train,sicilia_etna,15.080555555556,15.083333333333,37.780555555556,37.783333333333
16463:68938,11.495833333333,44.268055555556,train,bii_1000_training_esteso,11.494444444444,11.497222222222,44.266666666667,44.269444444444
16302:68578,10.495833333333,44.715277777778,train,espansione_italia_centro_settentrionale,10.494444444444,10.497222222222,44.713888888889,44.716666666667
16303:68595,10.543055555556,44.712500000000,train,espansione_italia_centro_settentrionale,10.541666666667,10.544444444444,44.711111111111,44.713888888889
16043:68668,10.745833333333,45.434722222222,train,bii_1000_training_esteso,10.744444444444,10.747222222222,45.433333333333,45.436111111111
16382:68149,9.304166666667,44.493055555556,train,bii_1000_training_esteso,9.302777777778,9.305555555556,44.491666666667,44.494444444444
16666:68576,10.490277777778,43.704166666667,train,bii_1000_training_esteso,10.488888888889,10.491666666667,43.702777777778,43.705555555556
16457:68957,11.548611111111,44.284722222222,train,bii_1000_training_esteso,11.547222222222,11.550000000000,44.283333333333,44.286111111111
15799:68637,10.659722222222,46.112500000000,train,bii_1000_training_esteso,10.658333333333,10.661111111111,46.111111111111,46.113888888889
16088:68763,11.009722222222,45.309722222222,train,bii_1000_training_esteso,11.008333333333,11.011111111111,45.308333333333,45.311111111111
15756:68960,11.556944444444,46.231944444444,train,bii_1000_training_esteso,11.555555555556,11.558333333333,46.230555555556,46.233333333333
16058:69055,11.820833333333,45.393055555556,train,espansione_italia_centro_settentrionale,11.819444444444,11.822222222222,45.391666666667,45.394444444444
16241:68193,9.426388888889,44.884722222222,train,bii_1000_training_esteso,9.425000000000,9.427777777778,44.883333333333,44.886111111111
16085:68350,9.862500000000,45.318055555556,train,bii_1000_training_esteso,9.861111111111,9.863888888889,45.316666666667,45.319444444444
16353:67992,8.868055555556,44.573611111111,train,bii_1000_training_esteso,8.866666666667,8.869444444444,44.572222222222,44.575000000000
16474:68388,9.968055555556,44.237500000000,train,bii_1000_training_esteso,9.966666666667,9.969444444444,44.236111111111,44.238888888889
16127:68312,9.756944444444,45.201388888889,train,bii_1000_training_esteso,9.755555555556,9.758333333333,45.200000000000,45.202777777778
15803:68377,9.937500000000,46.101388888889,train,bii_1000_training_esteso,9.936111111111,9.938888888889,46.100000000000,46.102777777778
15800:69176,12.156944444444,46.109722222222,train,belluno_dolomiti,12.155555555556,12.158333333333,46.108333333333,46.111111111111
15708:68971,11.587500000000,46.365277777778,train,bii_1000_training_esteso,11.586111111111,11.588888888889,46.363888888889,46.366666666667
16693:68962,11.562500000000,43.629166666667,train,bii_1000_training_esteso,11.561111111111,11.563888888889,43.627777777778,43.630555555556
16362:68758,10.995833333333,44.548611111111,train,bii_1000_training_esteso,10.994444444444,10.997222222222,44.547222222222,44.550000000000
16407:69146,12.073611111111,44.423611111111,train,bii_1000_training_esteso,12.072222222222,12.075000000000,44.422222222222,44.425000000000
15803:68441,10.115277777778,46.101388888889,train,bii_1000_training_esteso,10.113888888889,10.116666666667,46.100000000000,46.102777777778
16336:68611,10.587500000000,44.620833333333,train,bii_1000_training_esteso,10.586111111111,10.588888888889,44.619444444444,44.622222222222
16262:68203,9.454166666667,44.826388888889,train,bii_1000_training_esteso,9.452777777778,9.455555555556,44.825000000000,44.827777777778
15844:68440,10.112500000000,45.987500000000,train,bii_1000_training_esteso,10.111111111111,10.113888888889,45.986111111111,45.988888888889
16223:68834,11.206944444444,44.934722222222,train,bii_1000_training_esteso,11.205555555556,11.208333333333,44.933333333333,44.936111111111
16137:67977,8.826388888889,45.173611111111,train,bii_1000_training_esteso,8.825000000000,8.827777777778,45.172222222222,45.175000000000
15688:68364,9.901388888889,46.420833333333,train,bii_1000_training_esteso,9.900000000000,9.902777777778,46.419444444444,46.422222222222
15784:68926,11.462500000000,46.154166666667,train,bii_1000_training_esteso,11.461111111111,11.463888888889,46.152777777778,46.155555555556
16301:68121,9.226388888889,44.718055555556,train,bii_1000_training_esteso,9.225000000000,9.227777777778,44.716666666667,44.719444444444
16290:68874,11.318055555556,44.748611111111,train,bii_1000_training_esteso,11.316666666667,11.319444444444,44.747222222222,44.750000000000
15881:68861,11.281944444444,45.884722222222,train,bii_1000_training_esteso,11.280555555556,11.283333333333,45.883333333333,45.886111111111
15700:68714,10.873611111111,46.387500000000,train,bii_1000_training_esteso,10.872222222222,10.875000000000,46.386111111111,46.388888888889
16503:69002,11.673611111111,44.156944444444,train,bii_1000_training_esteso,11.672222222222,11.675000000000,44.155555555556,44.158333333333
15899:68720,10.890277777778,45.834722222222,train,bii_1000_training_esteso,10.888888888889,10.891666666667,45.833333333333,45.836111111111
18836:70195,14.987500000000,37.676388888889,train,sicilia_etna,14.986111111111,14.988888888889,37.675000000000,37.677777777778
16175:68695,10.820833333333,45.068055555556,train,bii_1000_training_esteso,10.819444444444,10.822222222222,45.066666666667,45.069444444444
15682:68460,10.168055555556,46.437500000000,train,bii_1000_training_esteso,10.166666666667,10.169444444444,46.436111111111,46.438888888889
16208:68762,11.006944444444,44.976388888889,train,bii_1000_training_esteso,11.005555555556,11.008333333333,44.975000000000,44.977777777778
16434:68401,10.004166666667,44.348611111111,train,espansione_italia_centro_settentrionale,10.002777777778,10.005555555556,44.347222222222,44.350000000000
17813:70594,16.095833333333,40.518055555556,train,basilicata_interna,16.094444444444,16.097222222222,40.516666666667,40.519444444444
16594:68903,11.398611111111,43.904166666667,train,bii_1000_training_esteso,11.397222222222,11.400000000000,43.902777777778,43.905555555556
17735:67821,8.393055555556,40.734722222222,train,sardegna_costiera,8.391666666667,8.394444444444,40.733333333333,40.736111111111
16283:68671,10.754166666667,44.768055555556,train,bii_1000_training_esteso,10.752777777778,10.755555555556,44.766666666667,44.769444444444
16318:68756,10.990277777778,44.670833333333,train,bii_1000_training_esteso,10.988888888889,10.991666666667,44.669444444444,44.672222222222
16615:68569,10.470833333333,43.845833333333,train,espansione_italia_centro_settentrionale,10.469444444444,10.472222222222,43.844444444444,43.847222222222
16630:68889,11.359722222222,43.804166666667,train,bii_1000_training_esteso,11.358333333333,11.361111111111,43.802777777778,43.805555555556
16451:68503,10.287500000000,44.301388888889,train,espansione_italia_centro_settentrionale,10.286111111111,10.288888888889,44.300000000000,44.302777777778
16078:68351,9.865277777778,45.337500000000,train,bii_1000_training_esteso,9.863888888889,9.866666666667,45.336111111111,45.338888888889
16222:68643,10.676388888889,44.937500000000,train,bii_1000_training_esteso,10.675000000000,10.677777777778,44.936111111111,44.938888888889
15661:68987,11.631944444444,46.495833333333,train,bii_1000_training_esteso,11.630555555556,11.633333333333,46.494444444444,46.497222222222
15823:68842,11.229166666667,46.045833333333,train,bii_1000_training_esteso,11.227777777778,11.230555555556,46.044444444444,46.047222222222
16142:68777,11.048611111111,45.159722222222,train,bii_1000_training_esteso,11.047222222222,11.050000000000,45.158333333333,45.161111111111
16006:68572,10.479166666667,45.537500000000,train,bii_1000_training_esteso,10.477777777778,10.480555555556,45.536111111111,45.538888888889
15673:68726,10.906944444444,46.462500000000,train,bii_1000_training_esteso,10.905555555556,10.908333333333,46.461111111111,46.463888888889
16327:68060,9.056944444444,44.645833333333,train,bii_1000_training_esteso,9.055555555556,9.058333333333,44.644444444444,44.647222222222
16625:69018,11.718055555556,43.818055555556,train,bii_1000_training_esteso,11.716666666667,11.719444444444,43.816666666667,43.819444444444
15717:68765,11.015277777778,46.340277777778,train,bii_1000_training_esteso,11.013888888889,11.016666666667,46.338888888889,46.341666666667
16175:67958,8.773611111111,45.068055555556,train,bii_1000_training_esteso,8.772222222222,8.775000000000,45.066666666667,45.069444444444
16270:68920,11.445833333333,44.804166666667,train,bii_1000_training_esteso,11.444444444444,11.447222222222,44.802777777778,44.805555555556
16712:68728,10.912500000000,43.576388888889,train,bii_1000_training_esteso,10.911111111111,10.913888888889,43.575000000000,43.577777777778
16448:68799,11.109722222222,44.309722222222,train,bii_1000_training_esteso,11.108333333333,11.111111111111,44.308333333333,44.311111111111
15935:68515,10.320833333333,45.734722222222,train,bii_1000_training_esteso,10.319444444444,10.322222222222,45.733333333333,45.736111111111
16483:68439,10.109722222222,44.212500000000,train,espansione_italia_centro_settentrionale,10.108333333333,10.111111111111,44.211111111111,44.213888888889
16403:67984,8.845833333333,44.434722222222,train,bii_1000_training_esteso,8.844444444444,8.847222222222,44.433333333333,44.436111111111
16017:68412,10.034722222222,45.506944444444,train,bii_1000_training_esteso,10.033333333333,10.036111111111,45.505555555556,45.508333333333
16249:68239,9.554166666667,44.862500000000,train,bii_1000_training_esteso,9.552777777778,9.555555555556,44.861111111111,44.863888888889
16058:68887,11.354166666667,45.393055555556,train,espansione_italia_centro_settentrionale,11.352777777778,11.355555555556,45.391666666667,45.394444444444
16539:68875,11.320833333333,44.056944444444,train,bii_1000_training_esteso,11.319444444444,11.322222222222,44.055555555556,44.058333333333
16002:68667,10.743055555556,45.548611111111,train,bii_1000_training_esteso,10.741666666667,10.744444444444,45.547222222222,45.550000000000
16053:68626,10.629166666667,45.406944444444,train,bii_1000_training_esteso,10.627777777778,10.630555555556,45.405555555556,45.408333333333
16325:68524,10.345833333333,44.651388888889,train,espansione_italia_centro_settentrionale,10.344444444444,10.347222222222,44.650000000000,44.652777777778
16040:68473,10.204166666667,45.443055555556,train,bii_1000_training_esteso,10.202777777778,10.205555555556,45.441666666667,45.444444444444
16450:69101,11.948611111111,44.304166666667,train,bii_1000_training_esteso,11.947222222222,11.950000000000,44.302777777778,44.305555555556
15887:68462,10.173611111111,45.868055555556,train,bii_1000_training_esteso,10.172222222222,10.175000000000,45.866666666667,45.869444444444
16450:68678,10.773611111111,44.304166666667,train,bii_1000_training_esteso,10.772222222222,10.775000000000,44.302777777778,44.305555555556
16255:68425,10.070833333333,44.845833333333,train,espansione_italia_centro_settentrionale,10.069444444444,10.072222222222,44.844444444444,44.847222222222
16404:67969,8.804166666667,44.431944444444,train,bii_1000_training_esteso,8.802777777778,8.805555555556,44.430555555556,44.433333333333
16058:68756,10.990277777778,45.393055555556,train,bii_1000_training_esteso,10.988888888889,10.991666666667,45.391666666667,45.394444444444
16088:67962,8.784722222222,45.309722222222,train,bii_1000_training_esteso,8.783333333333,8.786111111111,45.308333333333,45.311111111111
16053:68019,8.943055555556,45.406944444444,train,bii_1000_training_esteso,8.941666666667,8.944444444444,45.405555555556,45.408333333333
17476:70398,15.551388888889,41.454166666667,train,puglia_tavoliere,15.550000000000,15.552777777778,41.452777777778,41.455555555556
16245:67916,8.656944444444,44.873611111111,train,bii_1000_training_esteso,8.655555555556,8.658333333333,44.872222222222,44.875000000000
16099:68376,9.934722222222,45.279166666667,train,bii_1000_training_esteso,9.933333333333,9.936111111111,45.277777777778,45.280555555556
16463:69041,11.781944444444,44.268055555556,train,bii_1000_training_esteso,11.780555555556,11.783333333333,44.266666666667,44.269444444444
16688:68920,11.445833333333,43.643055555556,train,bii_1000_training_esteso,11.444444444444,11.447222222222,43.641666666667,43.644444444444
16448:69157,12.104166666667,44.309722222222,train,bii_1000_training_esteso,12.102777777778,12.105555555556,44.308333333333,44.311111111111
15997:68772,11.034722222222,45.562500000000,train,bii_1000_training_esteso,11.033333333333,11.036111111111,45.561111111111,45.563888888889
16027:68580,10.501388888889,45.479166666667,train,bii_1000_training_esteso,10.500000000000,10.502777777778,45.477777777778,45.480555555556
16720:69012,11.701388888889,43.554166666667,train,bii_1000_training_esteso,11.700000000000,11.702777777778,43.552777777778,43.555555555556
16660:68698,10.829166666667,43.720833333333,train,bii_1000_training_esteso,10.827777777778,10.830555555556,43.719444444444,43.722222222222
16732:68604,10.568055555556,43.520833333333,train,bii_1000_training_esteso,10.566666666667,10.569444444444,43.519444444444,43.522222222222
15933:68520,10.334722222222,45.740277777778,train,bii_1000_training_esteso,10.333333333333,10.336111111111,45.738888888889,45.741666666667
16226:68427,10.076388888889,44.926388888889,train,espansione_italia_centro_settentrionale,10.075000000000,10.077777777778,44.925000000000,44.927777777778
16042:68014,8.929166666667,45.437500000000,train,bii_1000_training_esteso,8.927777777778,8.930555555556,45.436111111111,45.438888888889
15897:68555,10.431944444444,45.840277777778,train,bii_1000_training_esteso,10.430555555556,10.433333333333,45.838888888889,45.841666666667
15880:68493,10.259722222222,45.887500000000,train,bii_1000_training_esteso,10.258333333333,10.261111111111,45.886111111111,45.888888888889
16449:68658,10.718055555556,44.306944444444,train,bii_1000_training_esteso,10.716666666667,10.719444444444,44.305555555556,44.308333333333
16279:68064,9.068055555556,44.779166666667,train,bii_1000_training_esteso,9.066666666667,9.069444444444,44.777777777778,44.780555555556
16432:69054,11.818055555556,44.354166666667,train,bii_1000_training_esteso,11.816666666667,11.819444444444,44.352777777778,44.355555555556
15926:68609,10.581944444444,45.759722222222,train,bii_1000_training_esteso,10.580555555556,10.583333333333,45.758333333333,45.761111111111
16426:69200,12.223611111111,44.370833333333,train,bii_1000_training_esteso,12.222222222222,12.225000000000,44.369444444444,44.372222222222
15793:68882,11.340277777778,46.129166666667,train,bii_1000_training_esteso,11.338888888889,11.341666666667,46.127777777778,46.130555555556
16429:68593,10.537500000000,44.362500000000,train,espansione_italia_centro_settentrionale,10.536111111111,10.538888888889,44.361111111111,44.363888888889
15746:68387,9.965277777778,46.259722222222,train,bii_1000_training_esteso,9.963888888889,9.966666666667,46.258333333333,46.261111111111
16189:68667,10.743055555556,45.029166666667,train,bii_1000_training_esteso,10.741666666667,10.744444444444,45.027777777778,45.030555555556
16601:68915,11.431944444444,43.884722222222,train,bii_1000_training_esteso,11.430555555556,11.433333333333,43.883333333333,43.886111111111
16391:68744,10.956944444444,44.468055555556,train,bii_1000_training_esteso,10.955555555556,10.958333333333,44.466666666667,44.469444444444
16677:68924,11.456944444444,43.673611111111,train,bii_1000_training_esteso,11.455555555556,11.458333333333,43.672222222222,43.675000000000
16036:68454,10.151388888889,45.454166666667,train,bii_1000_training_esteso,10.150000000000,10.152777777778,45.452777777778,45.455555555556
16106:68072,9.090277777778,45.259722222222,train,bii_1000_training_esteso,9.088888888889,9.091666666667,45.258333333333,45.261111111111
15867:68424,10.068055555556,45.923611111111,train,bii_1000_training_esteso,10.066666666667,10.069444444444,45.922222222222,45.925000000000
16315:68424,10.068055555556,44.679166666667,train,espansione_italia_centro_settentrionale,10.066666666667,10.069444444444,44.677777777778,44.680555555556
15688:68597,10.548611111111,46.420833333333,train,bii_1000_training_esteso,10.547222222222,10.550000000000,46.419444444444,46.422222222222
17480:70417,15.604166666667,41.443055555556,train,puglia_tavoliere,15.602777777778,15.605555555556,41.441666666667,41.444444444444
15787:68586,10.518055555556,46.145833333333,train,bii_1000_training_esteso,10.516666666667,10.519444444444,46.144444444444,46.147222222222
16056:68187,9.409722222222,45.398611111111,train,bii_1000_training_esteso,9.408333333333,9.411111111111,45.397222222222,45.400000000000
15661:68573,10.481944444444,46.495833333333,train,bii_1000_training_esteso,10.480555555556,10.483333333333,46.494444444444,46.497222222222
15958:68456,10.156944444444,45.670833333333,train,bii_1000_training_esteso,10.155555555556,10.158333333333,45.669444444444,45.672222222222
16059:68654,10.706944444444,45.390277777778,train,bii_1000_training_esteso,10.705555555556,10.708333333333,45.388888888889,45.391666666667
16309:68289,9.693055555556,44.695833333333,train,bii_1000_training_esteso,9.691666666667,9.694444444444,44.694444444444,44.697222222222
16369:68052,9.034722222222,44.529166666667,train,bii_1000_training_esteso,9.033333333333,9.036111111111,44.527777777778,44.530555555556
15678:68527,10.354166666667,46.448611111111,train,bii_1000_training_esteso,10.352777777778,10.355555555556,46.447222222222,46.450000000000
16232:68435,10.098611111111,44.909722222222,train,espansione_italia_centro_settentrionale,10.097222222222,10.100000000000,44.908333333333,44.911111111111
16039:68790,11.084722222222,45.445833333333,train,bii_1000_training_esteso,11.083333333333,11.086111111111,45.444444444444,45.447222222222
16298:68971,11.587500000000,44.726388888889,train,bii_1000_training_esteso,11.586111111111,11.588888888889,44.725000000000,44.727777777778
16570:68754,10.984722222222,43.970833333333,train,bii_1000_training_esteso,10.983333333333,10.986111111111,43.969444444444,43.972222222222
16233:68838,11.218055555556,44.906944444444,train,bii_1000_training_esteso,11.216666666667,11.219444444444,44.905555555556,44.908333333333
16112:68521,10.337500000000,45.243055555556,train,bii_1000_training_esteso,10.336111111111,10.338888888889,45.241666666667,45.244444444444
16372:69012,11.701388888889,44.520833333333,train,bii_1000_training_esteso,11.700000000000,11.702777777778,44.519444444444,44.522222222222
16252:68039,8.998611111111,44.854166666667,train,bii_1000_training_esteso,8.997222222222,9.000000000000,44.852777777778,44.855555555556
16422:69111,11.976388888889,44.381944444444,train,bii_1000_training_esteso,11.975000000000,11.977777777778,44.380555555556,44.383333333333
16128:68657,10.715277777778,45.198611111111,train,bii_1000_training_esteso,10.713888888889,10.716666666667,45.197222222222,45.200000000000
16246:68934,11.484722222222,44.870833333333,train,bii_1000_training_esteso,11.483333333333,11.486111111111,44.869444444444,44.872222222222
15699:69016,11.712500000000,46.390277777778,train,bii_1000_training_esteso,11.711111111111,11.713888888889,46.388888888889,46.391666666667
15959:68307,9.743055555556,45.668055555556,train,bii_1000_training_esteso,9.741666666667,9.744444444444,45.666666666667,45.669444444444
15668:68660,10.723611111111,46.476388888889,train,bii_1000_training_esteso,10.722222222222,10.725000000000,46.475000000000,46.477777777778
15928:68747,10.965277777778,45.754166666667,train,bii_1000_training_esteso,10.963888888889,10.966666666667,45.752777777778,45.755555555556
16621:68663,10.731944444444,43.829166666667,train,bii_1000_training_esteso,10.730555555556,10.733333333333,43.827777777778,43.830555555556
16615:68610,10.584722222222,43.845833333333,train,bii_1000_training_esteso,10.583333333333,10.586111111111,43.844444444444,43.847222222222
15933:68663,10.731944444444,45.740277777778,train,bii_1000_training_esteso,10.730555555556,10.733333333333,45.738888888889,45.741666666667
16591:68697,10.826388888889,43.912500000000,train,bii_1000_training_esteso,10.825000000000,10.827777777778,43.911111111111,43.913888888889
16717:68559,10.443055555556,43.562500000000,train,bii_1000_training_esteso,10.441666666667,10.444444444444,43.561111111111,43.563888888889
16090:69050,11.806944444444,45.304166666667,train,espansione_italia_centro_settentrionale,11.805555555556,11.808333333333,45.302777777778,45.305555555556
16612:68519,10.331944444444,43.854166666667,train,espansione_italia_centro_settentrionale,10.330555555556,10.333333333333,43.852777777778,43.855555555556
15822:68515,10.320833333333,46.048611111111,train,bii_1000_training_esteso,10.319444444444,10.322222222222,46.047222222222,46.050000000000
16383:69066,11.851388888889,44.490277777778,train,bii_1000_training_esteso,11.850000000000,11.852777777778,44.488888888889,44.491666666667
16228:68431,10.087500000000,44.920833333333,train,espansione_italia_centro_settentrionale,10.086111111111,10.088888888889,44.919444444444,44.922222222222
17282:69305,12.515277777778,41.993055555556,train,roma_periurbano,12.513888888889,12.516666666667,41.991666666667,41.994444444444
16523:68799,11.109722222222,44.101388888889,train,bii_1000_training_esteso,11.108333333333,11.111111111111,44.100000000000,44.102777777778
15823:68722,10.895833333333,46.045833333333,train,bii_1000_training_esteso,10.894444444444,10.897222222222,46.044444444444,46.047222222222
16247:68282,9.673611111111,44.868055555556,train,bii_1000_training_esteso,9.672222222222,9.675000000000,44.866666666667,44.869444444444
16341:68416,10.045833333333,44.606944444444,train,espansione_italia_centro_settentrionale,10.044444444444,10.047222222222,44.605555555556,44.608333333333
15893:68813,11.148611111111,45.851388888889,train,bii_1000_training_esteso,11.147222222222,11.150000000000,45.850000000000,45.852777777778
16537:68800,11.112500000000,44.062500000000,train,bii_1000_training_esteso,11.111111111111,11.113888888889,44.061111111111,44.063888888889
17785:67818,8.384722222222,40.595833333333,train,sardegna_costiera,8.383333333333,8.386111111111,40.594444444444,40.597222222222
15724:68851,11.254166666667,46.320833333333,train,trentino_alpi,11.252777777778,11.255555555556,46.319444444444,46.322222222222
16677:68882,11.340277777778,43.673611111111,train,bii_1000_training_esteso,11.338888888889,11.341666666667,43.672222222222,43.675000000000
16219:68877,11.326388888889,44.945833333333,train,bii_1000_training_esteso,11.325000000000,11.327777777778,44.944444444444,44.947222222222
16440:68562,10.451388888889,44.331944444444,train,espansione_italia_centro_settentrionale,10.450000000000,10.452777777778,44.330555555556,44.333333333333
16408:69175,12.154166666667,44.420833333333,train,bii_1000_training_esteso,12.152777777778,12.155555555556,44.419444444444,44.422222222222
16434:68528,10.356944444444,44.348611111111,train,espansione_italia_centro_settentrionale,10.355555555556,10.358333333333,44.347222222222,44.350000000000
15958:68625,10.626388888889,45.670833333333,train,bii_1000_training_esteso,10.625000000000,10.627777777778,45.669444444444,45.672222222222
16548:68995,11.654166666667,44.031944444444,train,bii_1000_training_esteso,11.652777777778,11.655555555556,44.030555555556,44.033333333333
16083:68991,11.643055555556,45.323611111111,train,espansione_italia_centro_settentrionale,11.641666666667,11.644444444444,45.322222222222,45.325000000000
15667:68809,11.137500000000,46.479166666667,train,bii_1000_training_esteso,11.136111111111,11.138888888889,46.477777777778,46.480555555556
16370:68434,10.095833333333,44.526388888889,train,espansione_italia_centro_settentrionale,10.094444444444,10.097222222222,44.525000000000,44.527777777778
16044:68051,9.031944444444,45.431944444444,train,bii_1000_training_esteso,9.030555555556,9.033333333333,45.430555555556,45.433333333333
15731:68994,11.651388888889,46.301388888889,train,bii_1000_training_esteso,11.650000000000,11.652777777778,46.300000000000,46.302777777778
16495:68795,11.098611111111,44.179166666667,train,bii_1000_training_esteso,11.097222222222,11.100000000000,44.177777777778,44.180555555556
15997:68834,11.206944444444,45.562500000000,train,bii_1000_training_esteso,11.205555555556,11.208333333333,45.561111111111,45.563888888889
15813:68615,10.598611111111,46.073611111111,train,bii_1000_training_esteso,10.597222222222,10.600000000000,46.072222222222,46.075000000000
16134:68734,10.929166666667,45.181944444444,train,bii_1000_training_esteso,10.927777777778,10.930555555556,45.180555555556,45.183333333333
16151:68096,9.156944444444,45.134722222222,train,bii_1000_training_esteso,9.155555555556,9.158333333333,45.133333333333,45.136111111111
17808:70642,16.229166666667,40.531944444444,train,basilicata_interna,16.227777777778,16.230555555556,40.530555555556,40.533333333333
16325:68766,11.018055555556,44.651388888889,train,bii_1000_training_esteso,11.016666666667,11.019444444444,44.650000000000,44.652777777778
16091:68285,9.681944444444,45.301388888889,train,bii_1000_training_esteso,9.680555555556,9.683333333333,45.300000000000,45.302777777778
16044:68070,9.084722222222,45.431944444444,train,bii_1000_training_esteso,9.083333333333,9.086111111111,45.430555555556,45.433333333333
16586:68667,10.743055555556,43.926388888889,train,bii_1000_training_esteso,10.741666666667,10.744444444444,43.925000000000,43.927777777778
16137:68133,9.259722222222,45.173611111111,train,bii_1000_training_esteso,9.258333333333,9.261111111111,45.172222222222,45.175000000000
16479:68281,9.670833333333,44.223611111111,train,bii_1000_training_esteso,9.669444444444,9.672222222222,44.222222222222,44.225000000000
16028:68210,9.473611111111,45.476388888889,train,bii_1000_training_esteso,9.472222222222,9.475000000000,45.475000000000,45.477777777778
15760:68729,10.915277777778,46.220833333333,train,bii_1000_training_esteso,10.913888888889,10.916666666667,46.219444444444,46.222222222222
16642:68596,10.545833333333,43.770833333333,train,bii_1000_training_esteso,10.544444444444,10.547222222222,43.769444444444,43.772222222222
16222:68349,9.859722222222,44.937500000000,train,bii_1000_training_esteso,9.858333333333,9.861111111111,44.936111111111,44.938888888889
16536:68679,10.776388888889,44.065277777778,train,bii_1000_training_esteso,10.775000000000,10.777777777778,44.063888888889,44.066666666667
16528:69089,11.915277777778,44.087500000000,train,bii_1000_training_esteso,11.913888888889,11.916666666667,44.086111111111,44.088888888889
16424:68298,9.718055555556,44.376388888889,train,bii_1000_training_esteso,9.716666666667,9.719444444444,44.375000000000,44.377777777778
16195:68234,9.540277777778,45.012500000000,train,bii_1000_training_esteso,9.538888888889,9.541666666667,45.011111111111,45.013888888889
16349:68156,9.323611111111,44.584722222222,train,bii_1000_training_esteso,9.322222222222,9.325000000000,44.583333333333,44.586111111111
16115:68852,11.256944444444,45.234722222222,train,bii_1000_training_esteso,11.255555555556,11.258333333333,45.233333333333,45.236111111111
16508:68392,9.979166666667,44.143055555556,train,bii_1000_training_esteso,9.977777777778,9.980555555556,44.141666666667,44.144444444444
16360:68012,8.923611111111,44.554166666667,train,bii_1000_training_esteso,8.922222222222,8.925000000000,44.552777777778,44.555555555556
15777:68450,10.140277777778,46.173611111111,train,bii_1000_training_esteso,10.138888888889,10.141666666667,46.172222222222,46.175000000000
16523:68322,9.784722222222,44.101388888889,train,bii_1000_training_esteso,9.783333333333,9.786111111111,44.100000000000,44.102777777778
16497:69065,11.848611111111,44.173611111111,train,bii_1000_training_esteso,11.847222222222,11.850000000000,44.172222222222,44.175000000000
16567:68995,11.654166666667,43.979166666667,train,bii_1000_training_esteso,11.652777777778,11.655555555556,43.977777777778,43.980555555556
16280:68964,11.568055555556,44.776388888889,train,bii_1000_training_esteso,11.566666666667,11.569444444444,44.775000000000,44.777777777778
16633:69039,11.776388888889,43.795833333333,train,bii_1000_training_esteso,11.775000000000,11.777777777778,43.794444444444,43.797222222222
15723:68890,11.362500000000,46.323611111111,train,bii_1000_training_esteso,11.361111111111,11.363888888889,46.322222222222,46.325000000000
18799:70194,14.984722222222,37.779166666667,train,sicilia_etna,14.983333333333,14.986111111111,37.777777777778,37.780555555556
16617:68539,10.387500000000,43.840277777778,train,espansione_italia_centro_settentrionale,10.386111111111,10.388888888889,43.838888888889,43.841666666667
16450:68623,10.620833333333,44.304166666667,train,espansione_italia_centro_settentrionale,10.619444444444,10.622222222222,44.302777777778,44.305555555556
16236:68760,11.001388888889,44.898611111111,train,bii_1000_training_esteso,11.000000000000,11.002777777778,44.897222222222,44.900000000000
16643:68785,11.070833333333,43.768055555556,train,bii_1000_training_esteso,11.069444444444,11.072222222222,43.766666666667,43.769444444444
16192:68593,10.537500000000,45.020833333333,train,bii_1000_training_esteso,10.536111111111,10.538888888889,45.019444444444,45.022222222222
16044:68999,11.665277777778,45.431944444444,train,espansione_italia_centro_settentrionale,11.663888888889,11.666666666667,45.430555555556,45.433333333333
16188:68704,10.845833333333,45.031944444444,train,bii_1000_training_esteso,10.844444444444,10.847222222222,45.030555555556,45.033333333333
15982:68412,10.034722222222,45.604166666667,train,bii_1000_training_esteso,10.033333333333,10.036111111111,45.602777777778,45.605555555556
16343:68215,9.487500000000,44.601388888889,train,bii_1000_training_esteso,9.486111111111,9.488888888889,44.600000000000,44.602777777778
15707:68500,10.279166666667,46.368055555556,train,bii_1000_training_esteso,10.277777777778,10.280555555556,46.366666666667,46.369444444444
16215:68884,11.345833333333,44.956944444444,train,bii_1000_training_esteso,11.344444444444,11.347222222222,44.955555555556,44.958333333333
16715:68997,11.659722222222,43.568055555556,train,bii_1000_training_esteso,11.658333333333,11.661111111111,43.566666666667,43.569444444444
15973:68782,11.062500000000,45.629166666667,train,bii_1000_training_esteso,11.061111111111,11.063888888889,45.627777777778,45.630555555556
16468:68858,11.273611111111,44.254166666667,train,bii_1000_training_esteso,11.272222222222,11.275000000000,44.252777777778,44.255555555556
15946:68471,10.198611111111,45.704166666667,train,bii_1000_training_esteso,10.197222222222,10.200000000000,45.702777777778,45.705555555556
15987:68646,10.684722222222,45.590277777778,train,bii_1000_training_esteso,10.683333333333,10.686111111111,45.588888888889,45.591666666667
16359:67867,8.520833333333,44.556944444444,train,bii_1000_training_esteso,8.519444444444,8.522222222222,44.555555555556,44.558333333333
15909:68841,11.226388888889,45.806944444444,train,bii_1000_training_esteso,11.225000000000,11.227777777778,45.805555555556,45.808333333333
16044:68966,11.573611111111,45.431944444444,train,espansione_italia_centro_settentrionale,11.572222222222,11.575000000000,45.430555555556,45.433333333333
16047:68161,9.337500000000,45.423611111111,train,bii_1000_training_esteso,9.336111111111,9.338888888889,45.422222222222,45.425000000000
16019:68217,9.493055555556,45.501388888889,train,bii_1000_training_esteso,9.491666666667,9.494444444444,45.500000000000,45.502777777778
16045:68114,9.206944444444,45.429166666667,train,bii_1000_training_esteso,9.205555555556,9.208333333333,45.427777777778,45.430555555556
16297:67948,8.745833333333,44.729166666667,train,bii_1000_training_esteso,8.744444444444,8.747222222222,44.727777777778,44.730555555556
16688:68828,11.190277777778,43.643055555556,train,bii_1000_training_esteso,11.188888888889,11.191666666667,43.641666666667,43.644444444444
15897:68337,9.826388888889,45.840277777778,train,bii_1000_training_esteso,9.825000000000,9.827777777778,45.838888888889,45.841666666667
16082:69002,11.673611111111,45.326388888889,train,espansione_italia_centro_settentrionale,11.672222222222,11.675000000000,45.325000000000,45.327777777778
16644:68549,10.415277777778,43.765277777778,train,espansione_italia_centro_settentrionale,10.413888888889,10.416666666667,43.763888888889,43.766666666667
16086:68651,10.698611111111,45.315277777778,train,bii_1000_training_esteso,10.697222222222,10.700000000000,45.313888888889,45.316666666667
16537:69008,11.690277777778,44.062500000000,train,bii_1000_training_esteso,11.688888888889,11.691666666667,44.061111111111,44.063888888889
16422:68187,9.409722222222,44.381944444444,train,bii_1000_training_esteso,9.408333333333,9.411111111111,44.380555555556,44.383333333333
16213:68330,9.806944444444,44.962500000000,train,bii_1000_training_esteso,9.805555555556,9.808333333333,44.961111111111,44.963888888889
16048:69067,11.854166666667,45.420833333333,train,espansione_italia_centro_settentrionale,11.852777777778,11.855555555556,45.419444444444,45.422222222222
16045:68907,11.409722222222,45.429166666667,train,espansione_italia_centro_settentrionale,11.408333333333,11.411111111111,45.427777777778,45.430555555556
15843:68571,10.476388888889,45.990277777778,train,bii_1000_training_esteso,10.475000000000,10.477777777778,45.988888888889,45.991666666667
16143:68384,9.956944444444,45.156944444444,train,bii_1000_training_esteso,9.955555555556,9.958333333333,45.155555555556,45.158333333333
16048:68931,11.476388888889,45.420833333333,train,espansione_italia_centro_settentrionale,11.475000000000,11.477777777778,45.419444444444,45.422222222222
17755:67790,8.306944444444,40.679166666667,train,sardegna_costiera,8.305555555556,8.308333333333,40.677777777778,40.680555555556
15819:69157,12.104166666667,46.056944444444,train,belluno_dolomiti,12.102777777778,12.105555555556,46.055555555556,46.058333333333
16361:68265,9.626388888889,44.551388888889,train,bii_1000_training_esteso,9.625000000000,9.627777777778,44.550000000000,44.552777777778
16404:69187,12.187500000000,44.431944444444,train,bii_1000_training_esteso,12.186111111111,12.188888888889,44.430555555556,44.433333333333
16346:69032,11.756944444444,44.593055555556,train,bii_1000_training_esteso,11.755555555556,11.758333333333,44.591666666667,44.594444444444
16321:69004,11.679166666667,44.662500000000,train,bii_1000_training_esteso,11.677777777778,11.680555555556,44.661111111111,44.663888888889
16325:68248,9.579166666667,44.651388888889,train,bii_1000_training_esteso,9.577777777778,9.580555555556,44.650000000000,44.652777777778
16682:68885,11.348611111111,43.659722222222,train,bii_1000_training_esteso,11.347222222222,11.350000000000,43.658333333333,43.661111111111
16450:68546,10.406944444444,44.304166666667,train,espansione_italia_centro_settentrionale,10.405555555556,10.408333333333,44.302777777778,44.305555555556
16448:68604,10.568055555556,44.309722222222,train,espansione_italia_centro_settentrionale,10.566666666667,10.569444444444,44.308333333333,44.311111111111
16146:68124,9.234722222222,45.148611111111,train,bii_1000_training_esteso,9.233333333333,9.236111111111,45.147222222222,45.150000000000
16287:68971,11.587500000000,44.756944444444,train,bii_1000_training_esteso,11.586111111111,11.588888888889,44.755555555556,44.758333333333
15783:69569,13.248611111111,46.156944444444,train,friuli_prealpi,13.247222222222,13.250000000000,46.155555555556,46.158333333333
15778:69570,13.251388888889,46.170833333333,train,friuli_prealpi,13.250000000000,13.252777777778,46.169444444444,46.172222222222
16257:68942,11.506944444444,44.840277777778,train,bii_1000_training_esteso,11.505555555556,11.508333333333,44.838888888889,44.841666666667
16323:68997,11.659722222222,44.656944444444,train,bii_1000_training_esteso,11.658333333333,11.661111111111,44.655555555556,44.658333333333
15814:69180,12.168055555556,46.070833333333,train,belluno_dolomiti,12.166666666667,12.169444444444,46.069444444444,46.072222222222
15988:68248,9.579166666667,45.587500000000,train,bii_1000_training_esteso,9.577777777778,9.580555555556,45.586111111111,45.588888888889
15840:68884,11.345833333333,45.998611111111,train,bii_1000_training_esteso,11.344444444444,11.347222222222,45.997222222222,46.000000000000
16228:68914,11.429166666667,44.920833333333,train,bii_1000_training_esteso,11.427777777778,11.430555555556,44.919444444444,44.922222222222
16317:69002,11.673611111111,44.673611111111,train,bii_1000_training_esteso,11.672222222222,11.675000000000,44.672222222222,44.675000000000
16045:69020,11.723611111111,45.429166666667,train,espansione_italia_centro_settentrionale,11.722222222222,11.725000000000,45.427777777778,45.430555555556
16439:68995,11.654166666667,44.334722222222,train,bii_1000_training_esteso,11.652777777778,11.655555555556,44.333333333333,44.336111111111
16113:68881,11.337500000000,45.240277777778,train,bii_1000_training_esteso,11.336111111111,11.338888888889,45.238888888889,45.241666666667
15811:68910,11.418055555556,46.079166666667,train,bii_1000_training_esteso,11.416666666667,11.419444444444,46.077777777778,46.080555555556
16438:68792,11.090277777778,44.337500000000,train,bii_1000_training_esteso,11.088888888889,11.091666666667,44.336111111111,44.338888888889
16017:68850,11.251388888889,45.506944444444,train,bii_1000_training_esteso,11.250000000000,11.252777777778,45.505555555556,45.508333333333
16475:68668,10.745833333333,44.234722222222,train,bii_1000_training_esteso,10.744444444444,10.747222222222,44.233333333333,44.236111111111
16323:68791,11.087500000000,44.656944444444,train,bii_1000_training_esteso,11.086111111111,11.088888888889,44.655555555556,44.658333333333
16379:69090,11.918055555556,44.501388888889,train,bii_1000_training_esteso,11.916666666667,11.919444444444,44.500000000000,44.502777777778
15661:69091,11.920833333333,46.495833333333,train,bii_1000_training_esteso,11.919444444444,11.922222222222,46.494444444444,46.497222222222
15721:69000,11.668055555556,46.329166666667,train,bii_1000_training_esteso,11.666666666667,11.669444444444,46.327777777778,46.330555555556
15782:68940,11.501388888889,46.159722222222,train,bii_1000_training_esteso,11.500000000000,11.502777777778,46.158333333333,46.161111111111
16047:69092,11.923611111111,45.423611111111,train,espansione_italia_centro_settentrionale,11.922222222222,11.925000000000,45.422222222222,45.425000000000
15692:69031,11.754166666667,46.409722222222,train,bii_1000_training_esteso,11.752777777778,11.755555555556,46.408333333333,46.411111111111
15778:69568,13.245833333333,46.170833333333,train,friuli_prealpi,13.244444444444,13.247222222222,46.169444444444,46.172222222222
16710:68793,11.093055555556,43.581944444444,train,bii_1000_training_esteso,11.091666666667,11.094444444444,43.580555555556,43.583333333333
15931:68852,11.256944444444,45.745833333333,train,bii_1000_training_esteso,11.255555555556,11.258333333333,45.744444444444,45.747222222222
15807:69149,12.081944444444,46.090277777778,train,belluno_dolomiti,12.080555555556,12.083333333333,46.088888888889,46.091666666667
15752:68970,11.584722222222,46.243055555556,train,bii_1000_training_esteso,11.583333333333,11.586111111111,46.241666666667,46.244444444444
15812:69149,12.081944444444,46.076388888889,train,belluno_dolomiti,12.080555555556,12.083333333333,46.075000000000,46.077777777778
15780:69570,13.251388888889,46.165277777778,train,friuli_prealpi,13.250000000000,13.252777777778,46.163888888889,46.166666666667
15809:69182,12.173611111111,46.084722222222,train,belluno_dolomiti,12.172222222222,12.175000000000,46.083333333333,46.086111111111
16476:68460,10.168055555556,44.231944444444,train,espansione_italia_centro_settentrionale,10.166666666667,10.169444444444,44.230555555556,44.233333333333
16196:68881,11.337500000000,45.009722222222,train,bii_1000_training_esteso,11.336111111111,11.338888888889,45.008333333333,45.011111111111
16418:68324,9.790277777778,44.393055555556,train,bii_1000_training_esteso,9.788888888889,9.791666666667,44.391666666667,44.394444444444
16354:68626,10.629166666667,44.570833333333,train,espansione_italia_centro_settentrionale,10.627777777778,10.630555555556,44.569444444444,44.572222222222
16409:68338,9.829166666667,44.418055555556,train,bii_1000_training_esteso,9.827777777778,9.830555555556,44.416666666667,44.419444444444
15811:67926,8.684722222222,46.079166666667,validation,bii_1000_validation_ovest,8.683333333333,8.686111111111,46.077777777778,46.080555555556
15898:68025,8.959722222222,45.837500000000,validation,bii_1000_validation_ovest,8.958333333333,8.961111111111,45.836111111111,45.838888888889
15843:68010,8.918055555556,45.990277777778,validation,bii_1000_validation_ovest,8.916666666667,8.919444444444,45.988888888889,45.991666666667
15810:68066,9.073611111111,46.081944444444,validation,bii_1000_validation_ovest,9.072222222222,9.075000000000,46.080555555556,46.083333333333
15941:68033,8.981944444444,45.718055555556,validation,bii_1000_validation_ovest,8.980555555556,8.983333333333,45.716666666667,45.719444444444
15914:68249,9.581944444444,45.793055555556,validation,bii_1000_validation_ovest,9.580555555556,9.583333333333,45.791666666667,45.794444444444
15823:68020,8.945833333333,46.045833333333,validation,bii_1000_validation_ovest,8.944444444444,8.947222222222,46.044444444444,46.047222222222
15896:68106,9.184722222222,45.843055555556,validation,bii_1000_validation_ovest,9.183333333333,9.186111111111,45.841666666667,45.844444444444
15765:68083,9.120833333333,46.206944444444,validation,bii_1000_validation_ovest,9.119444444444,9.122222222222,46.205555555556,46.208333333333
15950:67951,8.754166666667,45.693055555556,validation,bii_1000_validation_ovest,8.752777777778,8.755555555556,45.691666666667,45.694444444444
15817:68168,9.356944444444,46.062500000000,validation,bii_1000_validation_ovest,9.355555555556,9.358333333333,46.061111111111,46.063888888889
15980:67926,8.684722222222,45.609722222222,validation,bii_1000_validation_ovest,8.683333333333,8.686111111111,45.608333333333,45.611111111111
15804:67977,8.826388888889,46.098611111111,validation,bii_1000_validation_ovest,8.825000000000,8.827777777778,46.097222222222,46.100000000000
15742:68182,9.395833333333,46.270833333333,validation,bii_1000_validation_ovest,9.394444444444,9.397222222222,46.269444444444,46.272222222222
15721:67913,8.648611111111,46.329166666667,validation,bii_1000_validation_ovest,8.647222222222,8.650000000000,46.327777777778,46.330555555556
15894:67875,8.543055555556,45.848611111111,validation,bii_1000_validation_ovest,8.541666666667,8.544444444444,45.847222222222,45.850000000000
15952:68088,9.134722222222,45.687500000000,validation,bii_1000_validation_ovest,9.133333333333,9.136111111111,45.686111111111,45.688888888889
15797:68073,9.093055555556,46.118055555556,validation,bii_1000_validation_ovest,9.091666666667,9.094444444444,46.116666666667,46.119444444444
15954:68162,9.340277777778,45.681944444444,validation,bii_1000_validation_ovest,9.338888888889,9.341666666667,45.680555555556,45.683333333333
15768:68038,8.995833333333,46.198611111111,validation,bii_1000_validation_ovest,8.994444444444,8.997222222222,46.197222222222,46.200000000000
15848:67985,8.848611111111,45.976388888889,validation,bii_1000_validation_ovest,8.847222222222,8.850000000000,45.975000000000,45.977777777778
15849:68216,9.490277777778,45.973611111111,validation,bii_1000_validation_ovest,9.488888888889,9.491666666667,45.972222222222,45.975000000000
15821:67960,8.779166666667,46.051388888889,validation,bii_1000_validation_ovest,8.777777777778,8.780555555556,46.050000000000,46.052777777778
16085:67817,8.381944444444,45.318055555556,validation,vercelli_novara,8.380555555556,8.383333333333,45.316666666667,45.319444444444
15694:67992,8.868055555556,46.404166666667,validation,bii_1000_validation_ovest,8.866666666667,8.869444444444,46.402777777778,46.405555555556
15691:68129,9.248611111111,46.412500000000,validation,bii_1000_validation_ovest,9.247222222222,9.250000000000,46.411111111111,46.413888888889
15958:68117,9.215277777778,45.670833333333,validation,bii_1000_validation_ovest,9.213888888889,9.216666666667,45.669444444444,45.672222222222
16769:68856,11.268055555556,43.418055555556,validation,chianti_siena,11.266666666667,11.269444444444,43.416666666667,43.419444444444
15718:67951,8.754166666667,46.337500000000,validation,bii_1000_validation_ovest,8.752777777778,8.755555555556,46.336111111111,46.338888888889
15737:68051,9.031944444444,46.284722222222,validation,bii_1000_validation_ovest,9.030555555556,9.033333333333,46.283333333333,46.286111111111
15907:68145,9.293055555556,45.812500000000,validation,bii_1000_validation_ovest,9.291666666667,9.294444444444,45.811111111111,45.813888888889
15802:68173,9.370833333333,46.104166666667,validation,bii_1000_validation_ovest,9.369444444444,9.372222222222,46.102777777778,46.105555555556
16092:67852,8.479166666667,45.298611111111,validation,vercelli_novara,8.477777777778,8.480555555556,45.297222222222,45.300000000000
15847:68076,9.101388888889,45.979166666667,validation,bii_1000_validation_ovest,9.100000000000,9.102777777778,45.977777777778,45.980555555556
15774:68223,9.509722222222,46.181944444444,validation,bii_1000_validation_ovest,9.508333333333,9.511111111111,46.180555555556,46.183333333333
15725:67947,8.743055555556,46.318055555556,validation,bii_1000_validation_ovest,8.741666666667,8.744444444444,46.316666666667,46.319444444444
15905:67912,8.645833333333,45.818055555556,validation,bii_1000_validation_ovest,8.644444444444,8.647222222222,45.816666666667,45.819444444444
15769:67966,8.795833333333,46.195833333333,validation,bii_1000_validation_ovest,8.794444444444,8.797222222222,46.194444444444,46.197222222222
15939:67928,8.690277777778,45.723611111111,validation,bii_1000_validation_ovest,8.688888888889,8.691666666667,45.722222222222,45.725000000000
15860:67955,8.765277777778,45.943055555556,validation,bii_1000_validation_ovest,8.763888888889,8.766666666667,45.941666666667,45.944444444444
15697:68093,9.148611111111,46.395833333333,validation,bii_1000_validation_ovest,9.147222222222,9.150000000000,46.394444444444,46.397222222222
15770:67888,8.579166666667,46.193055555556,validation,bii_1000_validation_ovest,8.577777777778,8.580555555556,46.191666666667,46.194444444444
15706:68059,9.054166666667,46.370833333333,validation,bii_1000_validation_ovest,9.052777777778,9.055555555556,46.369444444444,46.372222222222
15866:67923,8.676388888889,45.926388888889,validation,bii_1000_validation_ovest,8.675000000000,8.677777777778,45.925000000000,45.927777777778
15771:67922,8.673611111111,46.190277777778,validation,bii_1000_validation_ovest,8.672222222222,8.675000000000,46.188888888889,46.191666666667
15776:68160,9.334722222222,46.176388888889,validation,bii_1000_validation_ovest,9.333333333333,9.336111111111,46.175000000000,46.177777777778
15799:67908,8.634722222222,46.112500000000,validation,bii_1000_validation_ovest,8.633333333333,8.636111111111,46.111111111111,46.113888888889
15838:68201,9.448611111111,46.004166666667,validation,bii_1000_validation_ovest,9.447222222222,9.450000000000,46.002777777778,46.005555555556
16083:67795,8.320833333333,45.323611111111,validation,vercelli_novara,8.319444444444,8.322222222222,45.322222222222,45.325000000000
15743:67881,8.559722222222,46.268055555556,validation,bii_1000_validation_ovest,8.558333333333,8.561111111111,46.266666666667,46.269444444444
15881:68170,9.362500000000,45.884722222222,validation,bii_1000_validation_ovest,9.361111111111,9.363888888889,45.883333333333,45.886111111111
15974:68115,9.209722222222,45.626388888889,validation,bii_1000_validation_ovest,9.208333333333,9.211111111111,45.625000000000,45.627777777778
15894:68130,9.251388888889,45.848611111111,validation,bii_1000_validation_ovest,9.250000000000,9.252777777778,45.847222222222,45.850000000000
15827:68119,9.220833333333,46.034722222222,validation,bii_1000_validation_ovest,9.219444444444,9.222222222222,46.033333333333,46.036111111111
15728:68135,9.265277777778,46.309722222222,validation,bii_1000_validation_ovest,9.263888888889,9.266666666667,46.308333333333,46.311111111111
15938:68067,9.076388888889,45.726388888889,validation,bii_1000_validation_ovest,9.075000000000,9.077777777778,45.725000000000,45.727777777778
15988:68010,8.918055555556,45.587500000000,validation,bii_1000_validation_ovest,8.916666666667,8.919444444444,45.586111111111,45.588888888889
15892:68241,9.559722222222,45.854166666667,validation,bii_1000_validation_ovest,9.558333333333,9.561111111111,45.852777777778,45.855555555556
15899:67978,8.829166666667,45.834722222222,validation,bii_1000_validation_ovest,8.827777777778,8.830555555556,45.833333333333,45.836111111111
16740:68914,11.429166666667,43.498611111111,validation,chianti_siena,11.427777777778,11.430555555556,43.497222222222,43.500000000000
15837:67894,8.595833333333,46.006944444444,validation,bii_1000_validation_ovest,8.594444444444,8.597222222222,46.005555555556,46.008333333333
15706:68147,9.298611111111,46.370833333333,validation,bii_1000_validation_ovest,9.297222222222,9.300000000000,46.369444444444,46.372222222222
15724:68078,9.106944444444,46.320833333333,validation,bii_1000_validation_ovest,9.105555555556,9.108333333333,46.319444444444,46.322222222222
15950:67984,8.845833333333,45.693055555556,validation,bii_1000_validation_ovest,8.844444444444,8.847222222222,45.691666666667,45.694444444444
15734:68025,8.959722222222,46.293055555556,validation,bii_1000_validation_ovest,8.958333333333,8.961111111111,46.291666666667,46.294444444444
15926:68068,9.079166666667,45.759722222222,validation,bii_1000_validation_ovest,9.077777777778,9.080555555556,45.758333333333,45.761111111111
15911:68037,8.993055555556,45.801388888889,validation,bii_1000_validation_ovest,8.991666666667,8.994444444444,45.800000000000,45.802777777778
15913:67926,8.684722222222,45.795833333333,validation,bii_1000_validation_ovest,8.683333333333,8.686111111111,45.794444444444,45.797222222222
15719:67928,8.690277777778,46.334722222222,validation,bii_1000_validation_ovest,8.688888888889,8.691666666667,46.333333333333,46.336111111111
15813:68085,9.126388888889,46.073611111111,validation,bii_1000_validation_ovest,9.125000000000,9.127777777778,46.072222222222,46.075000000000
15894:67982,8.840277777778,45.848611111111,validation,bii_1000_validation_ovest,8.838888888889,8.841666666667,45.847222222222,45.850000000000
15856:67896,8.601388888889,45.954166666667,validation,bii_1000_validation_ovest,8.600000000000,8.602777777778,45.952777777778,45.955555555556
15907:68112,9.201388888889,45.812500000000,validation,bii_1000_validation_ovest,9.200000000000,9.202777777778,45.811111111111,45.813888888889
15988:68156,9.323611111111,45.587500000000,validation,bii_1000_validation_ovest,9.322222222222,9.325000000000,45.586111111111,45.588888888889
15927:68205,9.459722222222,45.756944444444,validation,bii_1000_validation_ovest,9.458333333333,9.461111111111,45.755555555556,45.758333333333
15730:68213,9.481944444444,46.304166666667,validation,bii_1000_validation_ovest,9.480555555556,9.483333333333,46.302777777778,46.305555555556
15939:67906,8.629166666667,45.723611111111,validation,bii_1000_validation_ovest,8.627777777778,8.630555555556,45.722222222222,45.725000000000
15894:67909,8.637500000000,45.848611111111,validation,bii_1000_validation_ovest,8.636111111111,8.638888888889,45.847222222222,45.850000000000
15753:67905,8.626388888889,46.240277777778,validation,bii_1000_validation_ovest,8.625000000000,8.627777777778,46.238888888889,46.241666666667
15885:67935,8.709722222222,45.873611111111,validation,bii_1000_validation_ovest,8.708333333333,8.711111111111,45.872222222222,45.875000000000
15736:67984,8.845833333333,46.287500000000,validation,bii_1000_validation_ovest,8.844444444444,8.847222222222,46.286111111111,46.288888888889
15965:68063,9.065277777778,45.651388888889,validation,bii_1000_validation_ovest,9.063888888889,9.066666666667,45.650000000000,45.652777777778
15827:67881,8.559722222222,46.034722222222,validation,bii_1000_validation_ovest,8.558333333333,8.561111111111,46.033333333333,46.036111111111
15766:68104,9.179166666667,46.204166666667,validation,bii_1000_validation_ovest,9.177777777778,9.180555555556,46.202777777778,46.205555555556
15837:67987,8.854166666667,46.006944444444,validation,bii_1000_validation_ovest,8.852777777778,8.855555555556,46.005555555556,46.008333333333
15899:68042,9.006944444444,45.834722222222,validation,bii_1000_validation_ovest,9.005555555556,9.008333333333,45.833333333333,45.836111111111
15853:67887,8.576388888889,45.962500000000,validation,bii_1000_validation_ovest,8.575000000000,8.577777777778,45.961111111111,45.963888888889
15831:68226,9.518055555556,46.023611111111,validation,bii_1000_validation_ovest,9.516666666667,9.519444444444,46.022222222222,46.025000000000
15757:68148,9.301388888889,46.229166666667,validation,bii_1000_validation_ovest,9.300000000000,9.302777777778,46.227777777778,46.230555555556
15788:67931,8.698611111111,46.143055555556,validation,bii_1000_validation_ovest,8.697222222222,8.700000000000,46.141666666667,46.144444444444
15856:68188,9.412500000000,45.954166666667,validation,bii_1000_validation_ovest,9.411111111111,9.413888888889,45.952777777778,45.955555555556
15878:68215,9.487500000000,45.893055555556,validation,bii_1000_validation_ovest,9.486111111111,9.488888888889,45.891666666667,45.894444444444
16745:68892,11.368055555556,43.484722222222,validation,chianti_siena,11.366666666667,11.369444444444,43.483333333333,43.486111111111
15985:68007,8.909722222222,45.595833333333,validation,bii_1000_validation_ovest,8.908333333333,8.911111111111,45.594444444444,45.597222222222
15799:68230,9.529166666667,46.112500000000,validation,bii_1000_validation_ovest,9.527777777778,9.530555555556,46.111111111111,46.113888888889
15863:68056,9.045833333333,45.934722222222,validation,bii_1000_validation_ovest,9.044444444444,9.047222222222,45.933333333333,45.936111111111
15782:68112,9.201388888889,46.159722222222,validation,bii_1000_validation_ovest,9.200000000000,9.202777777778,46.158333333333,46.161111111111
15952:68150,9.306944444444,45.687500000000,validation,bii_1000_validation_ovest,9.305555555556,9.308333333333,45.686111111111,45.688888888889
15748:67969,8.804166666667,46.254166666667,validation,bii_1000_validation_ovest,8.802777777778,8.805555555556,46.252777777778,46.255555555556
15807:67869,8.526388888889,46.090277777778,validation,bii_1000_validation_ovest,8.525000000000,8.527777777778,46.088888888889,46.091666666667
15841:68154,9.318055555556,45.995833333333,validation,bii_1000_validation_ovest,9.316666666667,9.319444444444,45.994444444444,45.997222222222
15920:68002,8.895833333333,45.776388888889,validation,bii_1000_validation_ovest,8.894444444444,8.897222222222,45.775000000000,45.777777777778
15973:67964,8.790277777778,45.629166666667,validation,bii_1000_validation_ovest,8.788888888889,8.791666666667,45.627777777778,45.630555555556
15694:68030,8.973611111111,46.404166666667,validation,bii_1000_validation_ovest,8.972222222222,8.975000000000,46.402777777778,46.405555555556
15881:68081,9.115277777778,45.884722222222,validation,bii_1000_validation_ovest,9.113888888889,9.116666666667,45.883333333333,45.886111111111
15859:68118,9.218055555556,45.945833333333,validation,bii_1000_validation_ovest,9.216666666667,9.219444444444,45.944444444444,45.947222222222
15839:68157,9.326388888889,46.001388888889,validation,bii_1000_validation_ovest,9.325000000000,9.327777777778,46.000000000000,46.002777777778
15793:68015,8.931944444444,46.129166666667,validation,bii_1000_validation_ovest,8.930555555556,8.933333333333,46.127777777778,46.130555555556
15921:67866,8.518055555556,45.773611111111,validation,bii_1000_validation_ovest,8.516666666667,8.519444444444,45.772222222222,45.775000000000
15804:68006,8.906944444444,46.098611111111,validation,bii_1000_validation_ovest,8.905555555556,8.908333333333,46.097222222222,46.100000000000
15914:68165,9.348611111111,45.793055555556,validation,bii_1000_validation_ovest,9.347222222222,9.350000000000,45.791666666667,45.794444444444
15766:68040,9.001388888889,46.204166666667,validation,bii_1000_validation_ovest,9.000000000000,9.002777777778,46.202777777778,46.205555555556
15804:68044,9.012500000000,46.098611111111,validation,bii_1000_validation_ovest,9.011111111111,9.013888888889,46.097222222222,46.100000000000
15842:68228,9.523611111111,45.993055555556,validation,bii_1000_validation_ovest,9.522222222222,9.525000000000,45.991666666667,45.994444444444
15795:68206,9.462500000000,46.123611111111,validation,bii_1000_validation_ovest,9.461111111111,9.463888888889,46.122222222222,46.125000000000
15963:68083,9.120833333333,45.656944444444,validation,bii_1000_validation_ovest,9.119444444444,9.122222222222,45.655555555556,45.658333333333
15918:67956,8.768055555556,45.781944444444,validation,bii_1000_validation_ovest,8.766666666667,8.769444444444,45.780555555556,45.783333333333
15759:67999,8.887500000000,46.223611111111,validation,bii_1000_validation_ovest,8.886111111111,8.888888888889,46.222222222222,46.225000000000
15753:68217,9.493055555556,46.240277777778,validation,bii_1000_validation_ovest,9.491666666667,9.494444444444,46.238888888889,46.241666666667
15793:68130,9.251388888889,46.129166666667,validation,bii_1000_validation_ovest,9.250000000000,9.252777777778,46.127777777778,46.130555555556
15917:68086,9.129166666667,45.784722222222,validation,bii_1000_validation_ovest,9.127777777778,9.130555555556,45.783333333333,45.786111111111
15728:68101,9.170833333333,46.309722222222,validation,bii_1000_validation_ovest,9.169444444444,9.172222222222,46.308333333333,46.311111111111
15690:69656,13.490277777778,46.415277777778,test,bii_1000_test_est,13.488888888889,13.491666666667,46.413888888889,46.416666666667
15808:69419,12.831944444444,46.087500000000,test,bii_1000_test_est,12.830555555556,12.833333333333,46.086111111111,46.088888888889
15927:69515,13.098611111111,45.756944444444,test,bii_1000_test_est,13.097222222222,13.100000000000,45.755555555556,45.758333333333
15976:69057,11.826388888889,45.620833333333,test,bii_1000_test_est,11.825000000000,11.827777777778,45.619444444444,45.622222222222
15897:69011,11.698611111111,45.840277777778,test,bii_1000_test_est,11.697222222222,11.700000000000,45.838888888889,45.841666666667
15747:69286,12.462500000000,46.256944444444,test,bii_1000_test_est,12.461111111111,12.463888888889,46.255555555556,46.258333333333
15956:69261,12.393055555556,45.676388888889,test,bii_1000_test_est,12.391666666667,12.394444444444,45.675000000000,45.677777777778
15857:69459,12.943055555556,45.951388888889,test,bii_1000_test_est,12.941666666667,12.944444444444,45.950000000000,45.952777777778
15789:69040,11.779166666667,46.140277777778,test,bii_1000_test_est,11.777777777778,11.780555555556,46.138888888889,46.141666666667
15764:69061,11.837500000000,46.209722222222,test,bii_1000_test_est,11.836111111111,11.838888888889,46.208333333333,46.211111111111
15918:69095,11.931944444444,45.781944444444,test,bii_1000_test_est,11.930555555556,11.933333333333,45.780555555556,45.783333333333
15973:68918,11.440277777778,45.629166666667,test,bii_1000_test_est,11.438888888889,11.441666666667,45.627777777778,45.630555555556
16152:69187,12.187500000000,45.131944444444,test,bii_1000_test_est,12.186111111111,12.188888888889,45.130555555556,45.133333333333
16258:69208,12.245833333333,44.837500000000,test,bii_1000_test_est,12.244444444444,12.247222222222,44.836111111111,44.838888888889
16258:69120,12.001388888889,44.837500000000,test,bii_1000_test_est,12.000000000000,12.002777777778,44.836111111111,44.838888888889
15692:69172,12.145833333333,46.409722222222,test,bii_1000_test_est,12.144444444444,12.147222222222,46.408333333333,46.411111111111
15810:69645,13.459722222222,46.081944444444,test,bii_1000_test_est,13.458333333333,13.461111111111,46.080555555556,46.083333333333
15684:69272,12.423611111111,46.431944444444,test,bii_1000_test_est,12.422222222222,12.425000000000,46.430555555556,46.433333333333
15957:69179,12.165277777778,45.673611111111,test,bii_1000_test_est,12.163888888889,12.166666666667,45.672222222222,45.675000000000
15701:69427,12.854166666667,46.384722222222,test,bii_1000_test_est,12.852777777778,12.855555555556,46.383333333333,46.386111111111
16370:68934,11.484722222222,44.526388888889,test,emilia_romagna_bologna,11.483333333333,11.486111111111,44.525000000000,44.527777777778
15992:69213,12.259722222222,45.576388888889,test,bii_1000_test_est,12.258333333333,12.261111111111,45.575000000000,45.577777777778
15923:69503,13.065277777778,45.768055555556,test,bii_1000_test_est,13.063888888889,13.066666666667,45.766666666667,45.769444444444
15889:69081,11.893055555556,45.862500000000,test,bii_1000_test_est,11.891666666667,11.894444444444,45.861111111111,45.863888888889
15837:69450,12.918055555556,46.006944444444,test,bii_1000_test_est,12.916666666667,12.919444444444,46.005555555556,46.008333333333
15952:68972,11.590277777778,45.687500000000,test,bii_1000_test_est,11.588888888889,11.591666666667,45.686111111111,45.688888888889
15734:69403,12.787500000000,46.293055555556,test,bii_1000_test_est,12.786111111111,12.788888888889,46.291666666667,46.294444444444
16199:69198,12.218055555556,45.001388888889,test,bii_1000_test_est,12.216666666667,12.219444444444,45.000000000000,45.002777777778
15986:69398,12.773611111111,45.593055555556,test,bii_1000_test_est,12.772222222222,12.775000000000,45.591666666667,45.594444444444
15689:69548,13.190277777778,46.418055555556,test,bii_1000_test_est,13.188888888889,13.191666666667,46.416666666667,46.419444444444
15707:69523,13.120833333333,46.368055555556,test,bii_1000_test_est,13.119444444444,13.122222222222,46.366666666667,46.369444444444
15925:69232,12.312500000000,45.762500000000,test,bii_1000_test_est,12.311111111111,12.313888888889,45.761111111111,45.763888888889
16229:69149,12.081944444444,44.918055555556,test,bii_1000_test_est,12.080555555556,12.083333333333,44.916666666667,44.919444444444
16520:68578,10.495833333333,44.109722222222,test,appennino_tosco_emiliano,10.494444444444,10.497222222222,44.108333333333,44.111111111111
15889:69356,12.656944444444,45.862500000000,test,bii_1000_test_est,12.655555555556,12.658333333333,45.861111111111,45.863888888889
15972:69190,12.195833333333,45.631944444444,test,bii_1000_test_est,12.194444444444,12.197222222222,45.630555555556,45.633333333333
15999:69258,12.384722222222,45.556944444444,test,bii_1000_test_est,12.383333333333,12.386111111111,45.555555555556,45.558333333333
15934:69189,12.193055555556,45.737500000000,test,bii_1000_test_est,12.191666666667,12.194444444444,45.736111111111,45.738888888889
16169:68970,11.584722222222,45.084722222222,test,bii_1000_test_est,11.583333333333,11.586111111111,45.083333333333,45.086111111111
15881:69541,13.170833333333,45.884722222222,test,bii_1000_test_est,13.169444444444,13.172222222222,45.883333333333,45.886111111111
15958:69363,12.676388888889,45.670833333333,test,bii_1000_test_est,12.675000000000,12.677777777778,45.669444444444,45.672222222222
15974:68955,11.543055555556,45.626388888889,test,bii_1000_test_est,11.541666666667,11.544444444444,45.625000000000,45.627777777778
15660:69232,12.312500000000,46.498611111111,test,bii_1000_test_est,12.311111111111,12.313888888889,46.497222222222,46.500000000000
15874:69203,12.231944444444,45.904166666667,test,bii_1000_test_est,12.230555555556,12.233333333333,45.902777777778,45.905555555556
15850:68982,11.618055555556,45.970833333333,test,bii_1000_test_est,11.616666666667,11.619444444444,45.969444444444,45.972222222222
15666:69327,12.576388888889,46.481944444444,test,bii_1000_test_est,12.575000000000,12.577777777778,46.480555555556,46.483333333333
15821:69041,11.781944444444,46.051388888889,test,bii_1000_test_est,11.780555555556,11.783333333333,46.050000000000,46.052777777778
16307:69200,12.223611111111,44.701388888889,test,bii_1000_test_est,12.222222222222,12.225000000000,44.700000000000,44.702777777778
16182:69177,12.159722222222,45.048611111111,test,bii_1000_test_est,12.158333333333,12.161111111111,45.047222222222,45.050000000000
15867:69625,13.404166666667,45.923611111111,test,bii_1000_test_est,13.402777777778,13.405555555556,45.922222222222,45.925000000000
15765:69267,12.409722222222,46.206944444444,test,bii_1000_test_est,12.408333333333,12.411111111111,46.205555555556,46.208333333333
15974:69367,12.687500000000,45.626388888889,test,bii_1000_test_est,12.686111111111,12.688888888889,45.625000000000,45.627777777778
16239:69036,11.768055555556,44.890277777778,test,bii_1000_test_est,11.766666666667,11.769444444444,44.888888888889,44.891666666667
15841:69320,12.556944444444,45.995833333333,test,bii_1000_test_est,12.555555555556,12.558333333333,45.994444444444,45.997222222222
16211:69226,12.295833333333,44.968055555556,test,bii_1000_test_est,12.294444444444,12.297222222222,44.966666666667,44.969444444444
15877:69235,12.320833333333,45.895833333333,test,bii_1000_test_est,12.319444444444,12.322222222222,45.894444444444,45.897222222222
15897:69134,12.040277777778,45.840277777778,test,bii_1000_test_est,12.038888888889,12.041666666667,45.838888888889,45.841666666667
16208:69291,12.476388888889,44.976388888889,test,bii_1000_test_est,12.475000000000,12.477777777778,44.975000000000,44.977777777778
15939:69346,12.629166666667,45.723611111111,test,bii_1000_test_est,12.627777777778,12.630555555556,45.722222222222,45.725000000000
15862:69359,12.665277777778,45.937500000000,test,bii_1000_test_est,12.663888888889,12.666666666667,45.936111111111,45.938888888889
15952:69061,11.837500000000,45.687500000000,test,bii_1000_test_est,11.836111111111,11.838888888889,45.686111111111,45.688888888889
15793:69377,12.715277777778,46.129166666667,test,bii_1000_test_est,12.713888888889,12.716666666667,46.127777777778,46.130555555556
15883:69300,12.501388888889,45.879166666667,test,bii_1000_test_est,12.500000000000,12.502777777778,45.877777777778,45.880555555556
15927:68999,11.665277777778,45.756944444444,test,bii_1000_test_est,11.663888888889,11.666666666667,45.755555555556,45.758333333333
15954:69137,12.048611111111,45.681944444444,test,bii_1000_test_est,12.047222222222,12.050000000000,45.680555555556,45.683333333333
15766:69411,12.809722222222,46.204166666667,test,bii_1000_test_est,12.808333333333,12.811111111111,46.202777777778,46.205555555556
16178:69115,11.987500000000,45.059722222222,test,bii_1000_test_est,11.986111111111,11.988888888889,45.058333333333,45.061111111111
15807:69293,12.481944444444,46.090277777778,test,bii_1000_test_est,12.480555555556,12.483333333333,46.088888888889,46.091666666667
16012:69161,12.115277777778,45.520833333333,test,bii_1000_test_est,12.113888888889,12.116666666667,45.519444444444,45.522222222222
16552:68559,10.443055555556,44.020833333333,test,appennino_tosco_emiliano,10.441666666667,10.444444444444,44.019444444444,44.022222222222
15875:69607,13.354166666667,45.901388888889,test,bii_1000_test_est,13.352777777778,13.355555555556,45.900000000000,45.902777777778
15661:69463,12.954166666667,46.495833333333,test,bii_1000_test_est,12.952777777778,12.955555555556,46.494444444444,46.497222222222
15817:69363,12.676388888889,46.062500000000,test,bii_1000_test_est,12.675000000000,12.677777777778,46.061111111111,46.063888888889
16177:68994,11.651388888889,45.062500000000,test,bii_1000_test_est,11.650000000000,11.652777777778,45.061111111111,45.063888888889
16244:69172,12.145833333333,44.876388888889,test,bii_1000_test_est,12.144444444444,12.147222222222,44.875000000000,44.877777777778
15947:69304,12.512500000000,45.701388888889,test,bii_1000_test_est,12.511111111111,12.513888888889,45.700000000000,45.702777777778
15907:69323,12.565277777778,45.812500000000,test,bii_1000_test_est,12.563888888889,12.566666666667,45.811111111111,45.813888888889
15731:69310,12.529166666667,46.301388888889,test,bii_1000_test_est,12.527777777778,12.530555555556,46.300000000000,46.302777777778
15762:69290,12.473611111111,46.215277777778,test,bii_1000_test_est,12.472222222222,12.475000000000,46.213888888889,46.216666666667
16183:69222,12.284722222222,45.045833333333,test,bii_1000_test_est,12.283333333333,12.286111111111,45.044444444444,45.047222222222
15968:69429,12.859722222222,45.643055555556,test,bii_1000_test_est,12.858333333333,12.861111111111,45.641666666667,45.644444444444
15931:69210,12.251388888889,45.745833333333,test,bii_1000_test_est,12.250000000000,12.252777777778,45.744444444444,45.747222222222
15965:69280,12.445833333333,45.651388888889,test,bii_1000_test_est,12.444444444444,12.447222222222,45.650000000000,45.652777777778
16131:69185,12.181944444444,45.190277777778,test,bii_1000_test_est,12.180555555556,12.183333333333,45.188888888889,45.191666666667
16296:69124,12.012500000000,44.731944444444,test,bii_1000_test_est,12.011111111111,12.013888888889,44.730555555556,44.733333333333
15923:69446,12.906944444444,45.768055555556,test,bii_1000_test_est,12.905555555556,12.908333333333,45.766666666667,45.769444444444
15961:69315,12.543055555556,45.662500000000,test,bii_1000_test_est,12.541666666667,12.544444444444,45.661111111111,45.663888888889
16171:69080,11.890277777778,45.079166666667,test,bii_1000_test_est,11.888888888889,11.891666666667,45.077777777778,45.080555555556
15842:69648,13.468055555556,45.993055555556,test,bii_1000_test_est,13.466666666667,13.469444444444,45.991666666667,45.994444444444
16144:69008,11.690277777778,45.154166666667,test,bii_1000_test_est,11.688888888889,11.691666666667,45.152777777778,45.155555555556
15749:69383,12.731944444444,46.251388888889,test,bii_1000_test_est,12.730555555556,12.733333333333,46.250000000000,46.252777777778
15807:69439,12.887500000000,46.090277777778,test,bii_1000_test_est,12.886111111111,12.888888888889,46.088888888889,46.091666666667
15711:69316,12.545833333333,46.356944444444,test,bii_1000_test_est,12.544444444444,12.547222222222,46.355555555556,46.358333333333
15875:69298,12.495833333333,45.901388888889,test,bii_1000_test_est,12.494444444444,12.497222222222,45.900000000000,45.902777777778
15824:69302,12.506944444444,46.043055555556,test,bii_1000_test_est,12.505555555556,12.508333333333,46.041666666667,46.044444444444
16058:69199,12.220833333333,45.393055555556,test,bii_1000_test_est,12.219444444444,12.222222222222,45.391666666667,45.394444444444
15874:69436,12.879166666667,45.904166666667,test,bii_1000_test_est,12.877777777778,12.880555555556,45.902777777778,45.905555555556
15942:68943,11.509722222222,45.715277777778,test,bii_1000_test_est,11.508333333333,11.511111111111,45.713888888889,45.716666666667
16558:68587,10.520833333333,44.004166666667,test,appennino_tosco_emiliano,10.519444444444,10.522222222222,44.002777777778,44.005555555556
16278:69111,11.976388888889,44.781944444444,test,bii_1000_test_est,11.975000000000,11.977777777778,44.780555555556,44.783333333333
16292:69163,12.120833333333,44.743055555556,test,bii_1000_test_est,12.119444444444,12.122222222222,44.741666666667,44.744444444444
15899:69514,13.095833333333,45.834722222222,test,bii_1000_test_est,13.094444444444,13.097222222222,45.833333333333,45.836111111111
15918:69383,12.731944444444,45.781944444444,test,bii_1000_test_est,12.730555555556,12.733333333333,45.780555555556,45.783333333333
16357:68892,11.368055555556,44.562500000000,test,emilia_romagna_bologna,11.366666666667,11.369444444444,44.561111111111,44.563888888889
15833:69290,12.473611111111,46.018055555556,test,bii_1000_test_est,12.472222222222,12.475000000000,46.016666666667,46.019444444444
15920:69404,12.790277777778,45.776388888889,test,bii_1000_test_est,12.788888888889,12.791666666667,45.775000000000,45.777777777778
16227:69100,11.945833333333,44.923611111111,test,bii_1000_test_est,11.944444444444,11.947222222222,44.922222222222,44.925000000000
16280:69071,11.865277777778,44.776388888889,test,bii_1000_test_est,11.863888888889,11.866666666667,44.775000000000,44.777777777778
15844:69487,13.020833333333,45.987500000000,test,bii_1000_test_est,13.019444444444,13.022222222222,45.986111111111,45.988888888889
15744:69332,12.590277777778,46.265277777778,test,bii_1000_test_est,12.588888888889,12.591666666667,46.263888888889,46.266666666667
15959:69058,11.829166666667,45.668055555556,test,bii_1000_test_est,11.827777777778,11.830555555556,45.666666666667,45.669444444444
15910:69541,13.170833333333,45.804166666667,test,bii_1000_test_est,13.169444444444,13.172222222222,45.802777777778,45.805555555556
15949:69390,12.751388888889,45.695833333333,test,bii_1000_test_est,12.750000000000,12.752777777778,45.694444444444,45.697222222222
15683:69617,13.381944444444,46.434722222222,test,bii_1000_test_est,13.380555555556,13.383333333333,46.433333333333,46.436111111111
15936:69109,11.970833333333,45.731944444444,test,bii_1000_test_est,11.969444444444,11.972222222222,45.730555555556,45.733333333333
16155:69217,12.270833333333,45.123611111111,test,bii_1000_test_est,12.269444444444,12.272222222222,45.122222222222,45.125000000000
16527:68589,10.526388888889,44.090277777778,test,appennino_tosco_emiliano,10.525000000000,10.527777777778,44.088888888889,44.091666666667
16202:69260,12.390277777778,44.993055555556,test,bii_1000_test_est,12.388888888889,12.391666666667,44.991666666667,44.994444444444
15906:69065,11.848611111111,45.815277777778,test,bii_1000_test_est,11.847222222222,11.850000000000,45.813888888889,45.816666666667
15922:69479,12.998611111111,45.770833333333,test,bii_1000_test_est,12.997222222222,13.000000000000,45.769444444444,45.772222222222
15735:69195,12.209722222222,46.290277777778,test,bii_1000_test_est,12.208333333333,12.211111111111,46.288888888889,46.291666666667
15924:69580,13.279166666667,45.765277777778,test,bii_1000_test_est,13.277777777778,13.280555555556,45.763888888889,45.766666666667
15960:69021,11.726388888889,45.665277777778,test,bii_1000_test_est,11.725000000000,11.727777777778,45.663888888889,45.666666666667
15788:69341,12.615277777778,46.143055555556,test,bii_1000_test_est,12.613888888889,12.616666666667,46.141666666667,46.144444444444
16038:69193,12.204166666667,45.448611111111,test,bii_1000_test_est,12.202777777778,12.205555555556,45.447222222222,45.450000000000
15921:69350,12.640277777778,45.773611111111,test,bii_1000_test_est,12.638888888889,12.641666666667,45.772222222222,45.775000000000
15955:69023,11.731944444444,45.679166666667,test,bii_1000_test_est,11.730555555556,11.733333333333,45.677777777778,45.680555555556
15963:69263,12.398611111111,45.656944444444,test,bii_1000_test_est,12.397222222222,12.400000000000,45.655555555556,45.658333333333
15967:69336,12.601388888889,45.645833333333,test,bii_1000_test_est,12.600000000000,12.602777777778,45.644444444444,45.647222222222
16237:69229,12.304166666667,44.895833333333,test,bii_1000_test_est,12.302777777778,12.305555555556,44.894444444444,44.897222222222
16224:69071,11.865277777778,44.931944444444,test,bii_1000_test_est,11.863888888889,11.866666666667,44.930555555556,44.933333333333
15968:68976,11.601388888889,45.643055555556,test,bii_1000_test_est,11.600000000000,11.602777777778,45.641666666667,45.644444444444
15707:69584,13.290277777778,46.368055555556,test,bii_1000_test_est,13.288888888889,13.291666666667,46.366666666667,46.369444444444
15884:69462,12.951388888889,45.876388888889,test,bii_1000_test_est,12.950000000000,12.952777777778,45.875000000000,45.877777777778
15944:69495,13.043055555556,45.709722222222,test,bii_1000_test_est,13.041666666667,13.044444444444,45.708333333333,45.711111111111
15968:69107,11.965277777778,45.643055555556,test,bii_1000_test_est,11.963888888889,11.966666666667,45.641666666667,45.644444444444
15710:69295,12.487500000000,46.359722222222,test,bii_1000_test_est,12.486111111111,12.488888888889,46.358333333333,46.361111111111
15822:69408,12.801388888889,46.048611111111,test,bii_1000_test_est,12.800000000000,12.802777777778,46.047222222222,46.050000000000
15714:69391,12.754166666667,46.348611111111,test,bii_1000_test_est,12.752777777778,12.755555555556,46.347222222222,46.350000000000
16274:69120,12.001388888889,44.793055555556,test,bii_1000_test_est,12.000000000000,12.002777777778,44.791666666667,44.794444444444
15840:69279,12.443055555556,45.998611111111,test,bii_1000_test_est,12.441666666667,12.444444444444,45.997222222222,46.000000000000
15689:69444,12.901388888889,46.418055555556,test,bii_1000_test_est,12.900000000000,12.902777777778,46.416666666667,46.419444444444
15820:69509,13.081944444444,46.054166666667,test,bii_1000_test_est,13.080555555556,13.083333333333,46.052777777778,46.055555555556
16285:69208,12.245833333333,44.762500000000,test,bii_1000_test_est,12.244444444444,12.247222222222,44.761111111111,44.763888888889
15958:69291,12.476388888889,45.670833333333,test,bii_1000_test_est,12.475000000000,12.477777777778,45.669444444444,45.672222222222
15754:69421,12.837500000000,46.237500000000,test,bii_1000_test_est,12.836111111111,12.838888888889,46.236111111111,46.238888888889
15700:69465,12.959722222222,46.387500000000,test,bii_1000_test_est,12.958333333333,12.961111111111,46.386111111111,46.388888888889
15865:69048,11.801388888889,45.929166666667,test,bii_1000_test_est,11.800000000000,11.802777777778,45.927777777778,45.930555555556
15906:69630,13.418055555556,45.815277777778,test,bii_1000_test_est,13.416666666667,13.419444444444,45.813888888889,45.816666666667
15866:69391,12.754166666667,45.926388888889,test,bii_1000_test_est,12.752777777778,12.755555555556,45.925000000000,45.927777777778
16537:68530,10.362500000000,44.062500000000,test,appennino_tosco_emiliano,10.361111111111,10.363888888889,44.061111111111,44.063888888889
15664:69587,13.298611111111,46.487500000000,test,bii_1000_test_est,13.297222222222,13.300000000000,46.486111111111,46.488888888889
15953:69422,12.840277777778,45.684722222222,test,bii_1000_test_est,12.838888888889,12.841666666667,45.683333333333,45.686111111111
16393:68917,11.437500000000,44.462500000000,test,emilia_romagna_bologna,11.436111111111,11.438888888889,44.461111111111,44.463888888889
15988:69075,11.876388888889,45.587500000000,test,bii_1000_test_est,11.875000000000,11.877777777778,45.586111111111,45.588888888889
15944:69463,12.954166666667,45.709722222222,test,bii_1000_test_est,12.952777777778,12.955555555556,45.708333333333,45.711111111111
15670:69528,13.134722222222,46.470833333333,test,bii_1000_test_est,13.133333333333,13.136111111111,46.469444444444,46.472222222222
15724:69122,12.006944444444,46.320833333333,test,bii_1000_test_est,12.005555555556,12.008333333333,46.319444444444,46.322222222222
15667:69240,12.334722222222,46.479166666667,test,bii_1000_test_est,12.333333333333,12.336111111111,46.477777777778,46.480555555556
15748:69112,11.979166666667,46.254166666667,test,bii_1000_test_est,11.977777777778,11.980555555556,46.252777777778,46.255555555556
16223:69025,11.737500000000,44.934722222222,test,bii_1000_test_est,11.736111111111,11.738888888889,44.933333333333,44.936111111111
15740:69261,12.393055555556,46.276388888889,test,bii_1000_test_est,12.391666666667,12.394444444444,46.275000000000,46.277777777778
15738:69649,13.470833333333,46.281944444444,test,bii_1000_test_est,13.469444444444,13.472222222222,46.280555555556,46.283333333333
16231:69270,12.418055555556,44.912500000000,test,bii_1000_test_est,12.416666666667,12.419444444444,44.911111111111,44.913888888889
15700:69364,12.679166666667,46.387500000000,test,bii_1000_test_est,12.677777777778,12.680555555556,46.386111111111,46.388888888889
16324:69173,12.148611111111,44.654166666667,test,bii_1000_test_est,12.147222222222,12.150000000000,44.652777777778,44.655555555556
15893:69150,12.084722222222,45.851388888889,test,bii_1000_test_est,12.083333333333,12.086111111111,45.850000000000,45.852777777778
15871:69268,12.412500000000,45.912500000000,test,bii_1000_test_est,12.411111111111,12.413888888889,45.911111111111,45.913888888889
15893:68977,11.604166666667,45.851388888889,test,bii_1000_test_est,11.602777777778,11.605555555556,45.850000000000,45.852777777778
15739:69173,12.148611111111,46.279166666667,test,bii_1000_test_est,12.147222222222,12.150000000000,46.277777777778,46.280555555556
15665:69372,12.701388888889,46.484722222222,test,bii_1000_test_est,12.700000000000,12.702777777778,46.483333333333,46.486111111111
15685:69334,12.595833333333,46.429166666667,test,bii_1000_test_est,12.594444444444,12.597222222222,46.427777777778,46.430555555556
15705:69567,13.243055555556,46.373611111111,test,bii_1000_test_est,13.241666666667,13.244444444444,46.372222222222,46.375000000000
16219:69193,12.204166666667,44.945833333333,test,bii_1000_test_est,12.202777777778,12.205555555556,44.944444444444,44.947222222222
15988:69229,12.304166666667,45.587500000000,test,bii_1000_test_est,12.302777777778,12.305555555556,45.586111111111,45.588888888889
16200:69054,11.818055555556,44.998611111111,test,bii_1000_test_est,11.816666666667,11.819444444444,44.997222222222,45.000000000000
15725:69484,13.012500000000,46.318055555556,test,bii_1000_test_est,13.011111111111,13.013888888889,46.316666666667,46.319444444444
15840:69599,13.331944444444,45.998611111111,test,bii_1000_test_est,13.330555555556,13.333333333333,45.997222222222,46.000000000000
15776:69389,12.748611111111,46.176388888889,test,bii_1000_test_est,12.747222222222,12.750000000000,46.175000000000,46.177777777778
15699:69332,12.590277777778,46.390277777778,test,bii_1000_test_est,12.588888888889,12.591666666667,46.388888888889,46.391666666667
15680:69503,13.065277777778,46.443055555556,test,bii_1000_test_est,13.063888888889,13.066666666667,46.441666666667,46.444444444444
16154:68960,11.556944444444,45.126388888889,test,bii_1000_test_est,11.555555555556,11.558333333333,45.125000000000,45.127777777778
15737:69468,12.968055555556,46.284722222222,test,bii_1000_test_est,12.966666666667,12.969444444444,46.283333333333,46.286111111111
15863:69387,12.743055555556,45.934722222222,test,bii_1000_test_est,12.741666666667,12.744444444444,45.933333333333,45.936111111111
15870:69583,13.287500000000,45.915277777778,test,bii_1000_test_est,13.286111111111,13.288888888889,45.913888888889,45.916666666667
15690:69211,12.254166666667,46.415277777778,test,bii_1000_test_est,12.252777777778,12.255555555556,46.413888888889,46.416666666667
15819:69351,12.643055555556,46.056944444444,test,bii_1000_test_est,12.641666666667,12.644444444444,46.055555555556,46.058333333333
15777:69354,12.651388888889,46.173611111111,test,bii_1000_test_est,12.650000000000,12.652777777778,46.172222222222,46.175000000000
16374:68865,11.293055555556,44.515277777778,test,emilia_romagna_bologna,11.291666666667,11.294444444444,44.513888888889,44.516666666667
15922:69008,11.690277777778,45.770833333333,test,bii_1000_test_est,11.688888888889,11.691666666667,45.769444444444,45.772222222222
15696:69629,13.415277777778,46.398611111111,test,bii_1000_test_est,13.413888888889,13.416666666667,46.397222222222,46.400000000000
15708:69483,13.009722222222,46.365277777778,test,bii_1000_test_est,13.008333333333,13.011111111111,46.363888888889,46.366666666667
15872:69630,13.418055555556,45.909722222222,test,bii_1000_test_est,13.416666666667,13.419444444444,45.908333333333,45.911111111111
16398:68863,11.287500000000,44.448611111111,test,emilia_romagna_bologna,11.286111111111,11.288888888889,44.447222222222,44.450000000000
15893:69409,12.804166666667,45.851388888889,test,bii_1000_test_est,12.802777777778,12.805555555556,45.850000000000,45.852777777778
16329:69198,12.218055555556,44.640277777778,test,bii_1000_test_est,12.216666666667,12.219444444444,44.638888888889,44.641666666667
15913:69183,12.176388888889,45.795833333333,test,bii_1000_test_est,12.175000000000,12.177777777778,45.794444444444,45.797222222222
15890:69059,11.831944444444,45.859722222222,test,bii_1000_test_est,11.830555555556,11.833333333333,45.858333333333,45.861111111111
16317:69114,11.984722222222,44.673611111111,test,bii_1000_test_est,11.983333333333,11.986111111111,44.672222222222,44.675000000000
15841:69521,13.115277777778,45.995833333333,test,bii_1000_test_est,13.113888888889,13.116666666667,45.994444444444,45.997222222222
15897:69094,11.929166666667,45.840277777778,test,bii_1000_test_est,11.927777777778,11.930555555556,45.838888888889,45.841666666667
15840:69442,12.895833333333,45.998611111111,test,bii_1000_test_est,12.894444444444,12.897222222222,45.997222222222,46.000000000000
15911:69058,11.829166666667,45.801388888889,test,bii_1000_test_est,11.827777777778,11.830555555556,45.800000000000,45.802777777778
15874:69367,12.687500000000,45.904166666667,test,bii_1000_test_est,12.686111111111,12.688888888889,45.902777777778,45.905555555556
15711:69199,12.220833333333,46.356944444444,test,bii_1000_test_est,12.219444444444,12.222222222222,46.355555555556,46.358333333333
15864:69268,12.412500000000,45.931944444444,test,bii_1000_test_est,12.411111111111,12.413888888889,45.930555555556,45.933333333333
15842:69020,11.723611111111,45.993055555556,test,bii_1000_test_est,11.722222222222,11.725000000000,45.991666666667,45.994444444444
15990:69334,12.595833333333,45.581944444444,test,bii_1000_test_est,12.594444444444,12.597222222222,45.580555555556,45.583333333333
16145:69168,12.134722222222,45.151388888889,test,bii_1000_test_est,12.133333333333,12.136111111111,45.150000000000,45.152777777778
15910:69255,12.376388888889,45.804166666667,test,bii_1000_test_est,12.375000000000,12.377777777778,45.802777777778,45.805555555556
15808:69307,12.520833333333,46.087500000000,test,bii_1000_test_est,12.519444444444,12.522222222222,46.086111111111,46.088888888889
15766:69467,12.965277777778,46.204166666667,test,bii_1000_test_est,12.963888888889,12.966666666667,46.202777777778,46.205555555556
15695:69264,12.401388888889,46.401388888889,test,bii_1000_test_est,12.400000000000,12.402777777778,46.400000000000,46.402777777778
15777:69320,12.556944444444,46.173611111111,test,bii_1000_test_est,12.555555555556,12.558333333333,46.172222222222,46.175000000000
15915:69136,12.045833333333,45.790277777778,test,bii_1000_test_est,12.044444444444,12.047222222222,45.788888888889,45.791666666667
16014:69205,12.237500000000,45.515277777778,test,bii_1000_test_est,12.236111111111,12.238888888889,45.513888888889,45.516666666667
16502:68532,10.368055555556,44.159722222222,test,appennino_tosco_emiliano,10.366666666667,10.369444444444,44.158333333333,44.161111111111
15895:69490,13.029166666667,45.845833333333,test,bii_1000_test_est,13.027777777778,13.030555555556,45.844444444444,45.847222222222
15724:69213,12.259722222222,46.320833333333,test,bii_1000_test_est,12.258333333333,12.261111111111,46.319444444444,46.322222222222
15671:69645,13.459722222222,46.468055555556,test,bii_1000_test_est,13.458333333333,13.461111111111,46.466666666667,46.469444444444
15747:69436,12.879166666667,46.256944444444,test,bii_1000_test_est,12.877777777778,12.880555555556,46.255555555556,46.258333333333
15924:68962,11.562500000000,45.765277777778,test,bii_1000_test_est,11.561111111111,11.563888888889,45.763888888889,45.766666666667
16246:69102,11.951388888889,44.870833333333,test,bii_1000_test_est,11.950000000000,11.952777777778,44.869444444444,44.872222222222
15989:69177,12.159722222222,45.584722222222,test,bii_1000_test_est,12.158333333333,12.161111111111,45.583333333333,45.586111111111
16215:69167,12.131944444444,44.956944444444,test,bii_1000_test_est,12.130555555556,12.133333333333,44.955555555556,44.958333333333
15926:69280,12.445833333333,45.759722222222,test,bii_1000_test_est,12.444444444444,12.447222222222,45.758333333333,45.761111111111
16233:69067,11.854166666667,44.906944444444,test,bii_1000_test_est,11.852777777778,11.855555555556,44.905555555556,44.908333333333
15901:69607,13.354166666667,45.829166666667,test,bii_1000_test_est,13.352777777778,13.355555555556,45.827777777778,45.830555555556
15804:69471,12.976388888889,46.098611111111,test,bii_1000_test_est,12.975000000000,12.977777777778,46.097222222222,46.100000000000
16409:68893,11.370833333333,44.418055555556,test,emilia_romagna_bologna,11.369444444444,11.372222222222,44.416666666667,44.419444444444
15813:69023,11.731944444444,46.073611111111,test,bii_1000_test_est,11.730555555556,11.733333333333,46.072222222222,46.075000000000
15860:69540,13.168055555556,45.943055555556,test,bii_1000_test_est,13.166666666667,13.169444444444,45.941666666667,45.944444444444
16143:69056,11.823611111111,45.156944444444,test,bii_1000_test_est,11.822222222222,11.825000000000,45.155555555556,45.158333333333
15810:69444,12.901388888889,46.081944444444,test,bii_1000_test_est,12.900000000000,12.902777777778,46.080555555556,46.083333333333
15973:69145,12.070833333333,45.629166666667,test,bii_1000_test_est,12.069444444444,12.072222222222,45.627777777778,45.630555555556
15672:69411,12.809722222222,46.465277777778,test,bii_1000_test_est,12.808333333333,12.811111111111,46.463888888889,46.466666666667
16280:69159,12.109722222222,44.776388888889,test,bii_1000_test_est,12.108333333333,12.111111111111,44.775000000000,44.777777777778
16185:69011,11.698611111111,45.040277777778,test,bii_1000_test_est,11.697222222222,11.700000000000,45.038888888889,45.041666666667
15849:69089,11.915277777778,45.973611111111,test,bii_1000_test_est,11.913888888889,11.916666666667,45.972222222222,45.975000000000
16188:69124,12.012500000000,45.031944444444,test,bii_1000_test_est,12.011111111111,12.013888888889,45.030555555556,45.033333333333
15891:68963,11.565277777778,45.856944444444,test,bii_1000_test_est,11.563888888889,11.566666666667,45.855555555556,45.858333333333
15929:69161,12.115277777778,45.751388888889,test,bii_1000_test_est,12.113888888889,12.116666666667,45.750000000000,45.752777777778
16240:69250,12.362500000000,44.887500000000,test,bii_1000_test_est,12.361111111111,12.363888888889,44.886111111111,44.888888888889
16171:69032,11.756944444444,45.079166666667,test,bii_1000_test_est,11.755555555556,11.758333333333,45.077777777778,45.080555555556
16019:69329,12.581944444444,45.501388888889,test,bii_1000_test_est,12.580555555556,12.583333333333,45.500000000000,45.502777777778
